company_name,company_code,trading_time,type,listing_board
2ndChance W230308,ZFSW,20220310_091600,companywarrants,MAINBOARD
3Cnergy,502,20220310_091600,stocks,CATALIST
8Telecom,AZG,20220310_091600,stocks,MAINBOARD
A-Smart,BQC,20220310_091600,stocks,MAINBOARD
A-Sonic Aero W220408^,8YMW,20220310_091600,companywarrants,MAINBOARD
A-Sonic Aero^,BTJ,20220310_091600,stocks,MAINBOARD
AAC 5xLongSG220630,DALW,20220310_091600,dlcertificates,MAINBOARD
AAC 5xLongSG230331,DAFW,20220310_091600,dlcertificates,MAINBOARD
AAC 5xLongSG231214,DATW,20220310_091600,dlcertificates,MAINBOARD
AAC 5xLongSG240201,DKAW,20220310_091600,dlcertificates,MAINBOARD
AAC 5xShortSG220621,DBGW,20220310_091600,dlcertificates,MAINBOARD
AAC 5xShortSG220630,DASW,20220310_091600,dlcertificates,MAINBOARD
AAC 5xShortSG221201,DYDW,20220310_091600,dlcertificates,MAINBOARD
AAC 5xShortSG230825,DWTW,20220310_091600,dlcertificates,MAINBOARD
ABF SG BOND ETF,A35,20220310_091600,etfs,MAINBOARD
ABR,533,20220310_091600,stocks,MAINBOARD
Abterra^,L5I,20220310_091600,stocks,MAINBOARD
Abundance Intl,541,20220310_091600,stocks,CATALIST
Accrelist Ltd,QZG,20220310_091600,stocks,CATALIST
Ace Achieve Info,A75,20220310_091600,stocks,MAINBOARD
Acesian Partners,5FW,20220310_091600,stocks,CATALIST
ACH ADR US$,K3HD,20220310_085950,adrs,GLOBAL_QUOTE
Acma,AYV,20220310_091600,stocks,MAINBOARD
AcroMeta,43F,20220310_091600,stocks,CATALIST
Addvalue Tech,A31,20220310_091600,stocks,MAINBOARD
Advanced,BLZ,20220310_091600,stocks,CATALIST
Advanced Systems,5TY,20220310_091600,stocks,CATALIST
Advancer Global,43Q,20220310_091600,stocks,CATALIST
Adventus,5EF,20220310_091600,stocks,CATALIST
Aedge Group,XVG,20220310_091600,stocks,CATALIST
AEM SGD,AWX,20220310_091600,stocks,MAINBOARD
AEM USD,XWA,20220310_091600,stocks,MAINBOARD
AF Global,L38,20220310_091600,stocks,MAINBOARD
AGV,1A4,20220310_091600,stocks,CATALIST
AIA 5xLongSG241213,DWGW,20220310_091600,dlcertificates,MAINBOARD
AIA 5xShortSG240125,DUXW,20220310_091600,dlcertificates,MAINBOARD
AIMS APAC Reit,O5RU,20220310_091600,reits,MAINBOARD
AIMS Property,BVP,20220310_005459,others,MAINBOARD
AIMS Property,BVP,20220310_091600,stocks,MAINBOARD
Alibaba 5xLongSG220608,DGFW,20220310_091600,dlcertificates,MAINBOARD
Alibaba 5xLongSG230627,DMBW,20220310_091600,dlcertificates,MAINBOARD
Alibaba 5xLongSG230627A,DNFW,20220310_091600,dlcertificates,MAINBOARD
Alibaba 5xLongSG231214,DVIW,20220310_091600,dlcertificates,MAINBOARD
Alibaba 5xLongUB241231,WA9W,20220310_091600,dlcertificates,MAINBOARD
Alibaba 5xShortSG230202,DAGW,20220310_091600,dlcertificates,MAINBOARD
Alibaba 5xShortSG230627,DCMW,20220310_091600,dlcertificates,MAINBOARD
Alibaba 5xShortSG230627A,DWNW,20220310_091600,dlcertificates,MAINBOARD
Alibaba 5xShortSG231214,DCIW,20220310_091600,dlcertificates,MAINBOARD
Alibaba 5xShortUB241231,JQYW,20220310_091600,dlcertificates,MAINBOARD
Alibaba MB eCW220404,THVW,20220310_091600,structuredwarrants,MAINBOARD
Alibaba MB eCW220705,9BXW,20220310_091600,structuredwarrants,MAINBOARD
Alibaba MB ePW220404,LBHW,20220310_091600,structuredwarrants,MAINBOARD
Alibaba MB ePW220705,YQOW,20220310_091600,structuredwarrants,MAINBOARD
ALIHLTH 5xLongSG220323,DUQW,20220310_091600,dlcertificates,MAINBOARD
ALIHLTH 5xLongSG231012,DXZW,20220310_091600,dlcertificates,MAINBOARD
ALIHLTH 5xShortSG231012,DYMW,20220310_091600,dlcertificates,MAINBOARD
Alita Resources,40F,20220310_091600,stocks,CATALIST
Alliance HC,MIJ,20220310_091600,stocks,CATALIST
Allied Tech,A13,20220310_091600,stocks,CATALIST
AlphaDX,VVL,20220310_091600,stocks,CATALIST
Alpina Holdings,ZXY,20220310_091600,stocks,CATALIST
Alset,40V,20220310_091600,stocks,CATALIST
Amara,A34,20220310_091600,stocks,MAINBOARD
Amcorp Global,S9B,20220310_091600,stocks,MAINBOARD
AMOS Group,49B,20220310_091600,stocks,MAINBOARD
Amplefield Ltd,AOF,20220310_091600,stocks,CATALIST
Amplefield Ltd W221218,1G7W,20220310_091600,companywarrants,CATALIST
AMTD IB OV,HKB,20220310_091600,stocks,MAINBOARD
AnAn Intl,Y35,20220310_091600,stocks,MAINBOARD
Anchun Intl,BTX,20220310_091600,stocks,MAINBOARD
AnnAik,A52,20220310_091600,stocks,CATALIST
AnnAik W241009,VAIW,20220310_091600,companywarrants,CATALIST
Annica,5AL,20220310_091600,stocks,CATALIST
ANTA 5xLongSG231019,DZDW,20220310_091600,dlcertificates,MAINBOARD
ANTA 5xShortSG231019,DXGW,20220310_091600,dlcertificates,MAINBOARD
Aoxin Q & M,1D4,20220310_091600,stocks,CATALIST
AP Oil,5AU,20220310_091600,stocks,MAINBOARD
AP Strat W230130,1H7W,20220310_091600,companywarrants,CATALIST
AP Strat W230726,FIAW,20220310_091600,companywarrants,CATALIST
AP Strategic,5RA,20220310_091600,stocks,CATALIST
APAC Realty,CLN,20220310_091600,stocks,MAINBOARD
ARA HTrust USD,XZL,20220310_091600,businesstrusts,MAINBOARD
ARA LOGOS Log Tr,K2LU,20220310_091600,reits,MAINBOARD
AREIT 5xLongSG221208,DXAW,20220310_091600,dlcertificates,MAINBOARD
AREIT 5xLongSG230404,DQAW,20220310_091600,dlcertificates,MAINBOARD
AREIT 5xShortSG221208,DGBW,20220310_091600,dlcertificates,MAINBOARD
AREIT 5xShortSG231214,DGEW,20220310_091600,dlcertificates,MAINBOARD
Arion Ent,YYB,20220310_091600,stocks,CATALIST
Ascendas Reit,A17U,20220310_091600,reits,MAINBOARD
Ascendas-iTrust,CY6U,20220310_091600,businesstrusts,MAINBOARD
AscendasReit MBeCW220315,FDPW,20220310_091600,structuredwarrants,MAINBOARD
AscendasReit MBeCW221101,HHKW,20220310_091600,structuredwarrants,MAINBOARD
Ascent Bridge^,AWG,20220310_091600,stocks,MAINBOARD
Ascott Trust,HMN,20220310_091600,businesstrusts,MAINBOARD
Asia Enterprises,A55,20220310_091600,stocks,MAINBOARD
Asia Vets,5RE,20220310_091600,stocks,CATALIST
AsiaMedic,505,20220310_091600,stocks,CATALIST
Asian Healthcare,1J3,20220310_091600,stocks,CATALIST
Asian Micro,585,20220310_091600,stocks,CATALIST
Asian Pay Tv Tr,S7OU,20220310_091600,businesstrusts,MAINBOARD
AsiaPhos,5WV,20220310_091600,stocks,CATALIST
Asiatic,5CR,20220310_091600,stocks,CATALIST
Asiatravel.com,5AM,20220310_091600,stocks,CATALIST
ASL M W240723^,WG2W,20220310_091600,companywarrants,MAINBOARD
ASL Marine^,A04,20220310_091600,stocks,MAINBOARD
Aspen,1F3,20220310_091600,stocks,MAINBOARD
Aspial,A30,20220310_091600,stocks,MAINBOARD
Astaka,42S,20220310_091600,stocks,CATALIST
ASTI^,575,20220310_091600,stocks,MAINBOARD
Astrea IV4.35%B280614#,RMRB,20220310_084100,retailbonds,MAINBOARD
Astrea V3.85%B290620#,5A1B,20220310_084804,retailbonds,MAINBOARD
Astrea VI3%B310318#,6AZB,20220310_085950,retailbonds,MAINBOARD
Atlantic Nav,5UL,20220310_091600,stocks,CATALIST
Audience,1AZ,20220310_091600,stocks,CATALIST
AusGroup,5GJ,20220310_091600,stocks,MAINBOARD
Avarga,U09,20220310_091600,stocks,MAINBOARD
Avi-Tech Hldg,1R6,20220310_091600,stocks,MAINBOARD
AVJennings A$,A05,20220310_091600,stocks,GLOBAL_QUOTE
Axington,42U,20220310_091600,stocks,CATALIST
Axington R,IXOR,20220310_091600,stocks,CATALIST
Axington R,IXOR,20220309_230034,others,CATALIST
Axington R1,QPQR,20220309_230034,others,CATALIST
Axington R1,QPQR,20220310_091600,stocks,CATALIST
Azeus,BBW,20220310_091600,stocks,MAINBOARD
Aztech Gbl,8AZ,20220310_091600,stocks,MAINBOARD
B&M Hldg,CJN,20220310_091600,stocks,MAINBOARD
Baidu 5xLongSG220511,DBDW,20220310_091600,dlcertificates,MAINBOARD
Baidu 5xShortSG220511,DBFW,20220310_091600,dlcertificates,MAINBOARD
Baidu MB eCW220404,WS5W,20220310_091600,structuredwarrants,MAINBOARD
Baidu MB ePW220404,WDIW,20220310_091600,structuredwarrants,MAINBOARD
Baker Technology,BTP,20220310_091600,stocks,MAINBOARD
Ban Leong,B26,20220310_091600,stocks,MAINBOARD
Banyan Tree,B58,20220310_091600,stocks,MAINBOARD
BanyanTree cb7.5%220806#,YSUB,20220310_085723,retailbonds,MAINBOARD
BBR,KJ5,20220310_091600,stocks,MAINBOARD
Beng Kuang,BEZ,20220310_091600,stocks,MAINBOARD
Best World,CGN,20220310_091600,stocks,MAINBOARD
Beverly JCG,VFP,20220310_091600,stocks,CATALIST
Beverly JCG W240531,WZ2W,20220310_091600,companywarrants,CATALIST
BH Global,BQN,20220310_091600,stocks,MAINBOARD
BHG Retail Reit,BMGU,20220310_091600,reits,MAINBOARD
BIDU ADR US$+,K3SD,20220309_230034,adrs,GLOBAL_QUOTE
Bilibili 5xLongSG221223,DTXW,20220310_091600,dlcertificates,MAINBOARD
Bilibili 5xShortSG221223,DJKW,20220310_091600,dlcertificates,MAINBOARD
Biolidics,8YY,20220310_091600,stocks,CATALIST
BlackGoldNatural,41H,20220310_091600,stocks,CATALIST
Blumont,A33,20220310_091600,stocks,MAINBOARD
Boldtek,5VI,20220310_091600,stocks,CATALIST
Bonvests,B28,20220310_091600,stocks,MAINBOARD
Boustead,F9D,20220310_091600,stocks,MAINBOARD
Boustead Proj,AVM,20220310_091600,stocks,MAINBOARD
BRC Asia,BEC,20220310_091600,stocks,MAINBOARD
Broadway Ind,B69,20220310_091600,stocks,MAINBOARD
Brook Crompton,AWC,20220310_091600,stocks,MAINBOARD
Bukit Sembawang,B61,20220310_091600,stocks,MAINBOARD
Bumitama Agri,P8Z,20220310_091600,stocks,MAINBOARD
Bund Center,BTE,20220310_091600,stocks,MAINBOARD
BYD 5xLongSG220315,DJFW,20220310_091600,dlcertificates,MAINBOARD
BYD 5xLongSG230202,DLCW,20220310_091600,dlcertificates,MAINBOARD
BYD 5xLongSG231012,DINW,20220310_091600,dlcertificates,MAINBOARD
BYD 5xLongUB241231,QFYW,20220310_091600,dlcertificates,MAINBOARD
BYD 5xShortSG221115,MHLW,20220310_091600,dlcertificates,MAINBOARD
BYD 5xShortSG230202,DZWW,20220310_091600,dlcertificates,MAINBOARD
BYD 5xShortSG231012,DFYW,20220310_091600,dlcertificates,MAINBOARD
BYD 5xShortSG231214,DTHW,20220310_091600,dlcertificates,MAINBOARD
BYD 5xShortUB241231,VJLW,20220310_091600,dlcertificates,MAINBOARD
BYD MB eCW221004,XJ6W,20220310_091600,structuredwarrants,MAINBOARD
BYD MB ePW220404,LGDW,20220310_091600,structuredwarrants,MAINBOARD
BYD MB ePW221004,ZJVW,20220310_091600,structuredwarrants,MAINBOARD
BYDElec 5xLongSG220608,DUOW,20220310_091600,dlcertificates,MAINBOARD
BYDElec 5xLongSG221013,DDXW,20220310_091600,dlcertificates,MAINBOARD
BYDElec 5xLongSG231220,DVHW,20220310_091600,dlcertificates,MAINBOARD
BYDElec 5xShortSG220608,DGPW,20220310_091600,dlcertificates,MAINBOARD
BYDElec 5xShortSG221013,DGXW,20220310_091600,dlcertificates,MAINBOARD
Camsing Hc,BAC,20220310_091600,stocks,MAINBOARD
CapAllianz,594,20220310_091600,stocks,CATALIST
CapAllianz W221213,1G5W,20220310_091600,companywarrants,CATALIST
CapInv 5xLongSG231115,NXEW,20220310_091600,dlcertificates,MAINBOARD
CapInv 5xShortSG231115,REVW,20220310_091600,dlcertificates,MAINBOARD
Capital World,1D5,20220310_091600,stocks,CATALIST
CapitaLandInvest,9CI,20220310_091600,stocks,MAINBOARD
CapitalandInvMBeCW220330,UYXW,20220310_091600,structuredwarrants,MAINBOARD
CapitalandInvMBeCW221028,IUEW,20220310_091600,structuredwarrants,MAINBOARD
CapLand China T,AU8U,20220310_091600,reits,MAINBOARD
CapLand IntCom T,C38U,20220310_091600,reits,MAINBOARD
Captii,AWV,20220310_091600,stocks,MAINBOARD
Casa,C04,20220310_091600,stocks,MAINBOARD
CCB 5xLongSG240807,DWCW,20220310_091600,dlcertificates,MAINBOARD
CCB 5xShortSG231214,DZYW,20220310_091600,dlcertificates,MAINBOARD
CDL HTrust,J85,20220310_091600,businesstrusts,MAINBOARD
CDW,BXE,20220310_091600,stocks,MAINBOARD
CEA ADR US$,K3CD,20220309_230034,adrs,GLOBAL_QUOTE
Centurion,OU8,20220310_091600,stocks,MAINBOARD
CFM,5EB,20220310_091600,stocks,CATALIST
CH Offshore,C13,20220310_091600,stocks,MAINBOARD
Challenger,573,20220310_091600,stocks,MAINBOARD
Charisma Energy,5QT,20220310_091600,stocks,CATALIST
Chasen,5NV,20220310_091600,stocks,MAINBOARD
ChasWood Res,5TW,20220310_091600,stocks,CATALIST
Chemical Ind,C05,20220310_091600,stocks,MAINBOARD
China Aviation,G92,20220310_091600,stocks,MAINBOARD
China Env,5OU,20220310_091600,stocks,MAINBOARD
China Env Res,RS1,20220310_091600,stocks,MAINBOARD
China Everbright,U9E,20220310_091600,stocks,MAINBOARD
China Fishery,B0Z,20220310_091600,stocks,MAINBOARD
China Haida,C92,20220310_091600,stocks,MAINBOARD
China Intl,BEH,20220310_091600,stocks,MAINBOARD
China Mining,BHD,20220310_091600,stocks,MAINBOARD
China Star Food,42W,20220310_091600,stocks,CATALIST
China Yuanbang,BCD,20220310_091600,stocks,MAINBOARD
ChinaKangdaFood,P74,20220310_091600,stocks,MAINBOARD
ChinaKundaTech,GU5,20220310_091600,stocks,CATALIST
ChinaSunsine,QES,20220310_091600,stocks,MAINBOARD
Chip Eng Seng,C29,20220310_091600,stocks,MAINBOARD
Choo Chiang,42E,20220310_091600,stocks,CATALIST
Chuan Hup,C33,20220310_091600,stocks,MAINBOARD
CityDev,C09,20220310_091600,stocks,MAINBOARD
CityDev 5xLongSG220331,DQIW,20220310_091600,dlcertificates,MAINBOARD
CityDev 5xLongSG220630,DCLW,20220310_091600,dlcertificates,MAINBOARD
CityDev 5xLongSG230404,DEUW,20220310_091600,dlcertificates,MAINBOARD
CityDev 5xShortSG220630,DCSW,20220310_091600,dlcertificates,MAINBOARD
CityDev 5xShortSG231214,DXIW,20220310_091600,dlcertificates,MAINBOARD
CityDev MB eCW220315,YVWW,20220310_091600,structuredwarrants,MAINBOARD
CityDev MB eCW220701,MCAW,20220310_091600,structuredwarrants,MAINBOARD
CITYDEV NCCPS,C70,20220310_090619,retailpreferenceshares,MAINBOARD
Civmec,P9D,20220310_091600,stocks,MAINBOARD
CKAsset 5xLongSG231019,DJHW,20220310_091600,dlcertificates,MAINBOARD
CKAsset 5xShortSG231019,DIBW,20220310_091600,dlcertificates,MAINBOARD
Clearbridge,1H3,20220310_091600,stocks,CATALIST
CLIFE 5xLongSG221208,DHDW,20220310_091600,dlcertificates,MAINBOARD
CLIFE 5xLongSG240215,DVAW,20220310_091600,dlcertificates,MAINBOARD
CLIFE 5xShortSG221208,DNZW,20220310_091600,dlcertificates,MAINBOARD
CLIFE 5xShortSG240215,DWEW,20220310_091600,dlcertificates,MAINBOARD
CMB 5xLongSG231019,DTDW,20220310_091600,dlcertificates,MAINBOARD
CMB 5xShortSG231019,DSGW,20220310_091600,dlcertificates,MAINBOARD
CMOB 5xLongSG220323,DGDW,20220310_091600,dlcertificates,MAINBOARD
CMOB 5xLongSG221208,DJAW,20220310_091600,dlcertificates,MAINBOARD
CMOB 5xLongSG250213,DTMW,20220310_091600,dlcertificates,MAINBOARD
CMOB 5xShortSG221208,DQBW,20220310_091600,dlcertificates,MAINBOARD
CMOB 5xShortSG250213,DUHW,20220310_091600,dlcertificates,MAINBOARD
CNMC Goldmine,5TP,20220310_091600,stocks,CATALIST
CNOOC 5xLongSG220323,DGQW,20220310_091600,dlcertificates,MAINBOARD
CNOOC 5xLongSG230331,DTJW,20220310_091600,dlcertificates,MAINBOARD
CNOOC 5xLongSG240201,DMFW,20220310_091600,dlcertificates,MAINBOARD
CNOOC 5xShortSG240201,DQCW,20220310_091600,dlcertificates,MAINBOARD
Colex,567,20220310_091600,stocks,CATALIST
Combine Will,N0Z,20220310_091600,stocks,MAINBOARD
Comfort 5xLongSG231115,MQVW,20220310_091600,dlcertificates,MAINBOARD
Comfort 5xShortSG231115,THLW,20220310_091600,dlcertificates,MAINBOARD
ComfortDel MBeCW220315,FQJW,20220310_091600,structuredwarrants,MAINBOARD
ComfortDel MBeCW221014,9A3W,20220310_091600,structuredwarrants,MAINBOARD
ComfortDelGro,C52,20220310_091600,stocks,MAINBOARD
Cordlife,P8A,20220310_091600,stocks,MAINBOARD
Cortina,C41,20220310_091600,stocks,MAINBOARD
COSCO 5xLongSG221223,DWKW,20220310_091600,dlcertificates,MAINBOARD
COSCO 5xShortSG221223,DVUW,20220310_091600,dlcertificates,MAINBOARD
COSCO SHP SG,F83,20220310_091600,stocks,MAINBOARD
CosmoSteel^,B9S,20220310_091600,stocks,MAINBOARD
Courage Inv,CIN,20220310_091600,stocks,MAINBOARD
Creative,C76,20220310_091600,stocks,MAINBOARD
CreditBureauAsia,TCU,20220310_091600,stocks,MAINBOARD
Cromwell Reit EUR,CWBU,20220310_091600,reits,MAINBOARD
Cromwell Reit SGD,CWCU,20220310_091600,reits,MAINBOARD
CSC,C06,20220310_091600,stocks,MAINBOARD
CSE Global,544,20220310_091600,stocks,MAINBOARD
CSOP iEdge SREIT ETF S$,SRT,20220310_091600,etfs,MAINBOARD
CSOP iEdge SREIT ETF US$,SRU,20220310_091600,etfs,MAINBOARD
CSPC 5xLongSG220315,DOFW,20220310_091600,dlcertificates,MAINBOARD
CSPC 5xLongSG221208,DUFW,20220310_091600,dlcertificates,MAINBOARD
CSPC 5xShortSG220315,DDCW,20220310_091600,dlcertificates,MAINBOARD
CSPC 5xShortSG221208,DWAW,20220310_091600,dlcertificates,MAINBOARD
DairyFarm USD,D01,20220310_091600,stocks,MAINBOARD
Daiwa Hse Log Tr,DHLU,20220310_091600,reits,MAINBOARD
Darco Water Tech,BLR,20220310_091600,stocks,MAINBOARD
Dasin Retail Tr,CEDU,20220310_091600,businesstrusts,MAINBOARD
Datapulse Tech,BKW,20220310_091600,stocks,MAINBOARD
DBS,D05,20220310_091600,stocks,MAINBOARD
DBS 5xLongSG230713,DQEW,20220310_091600,dlcertificates,MAINBOARD
DBS 5xLongSG240306,DKBW,20220310_091600,dlcertificates,MAINBOARD
DBS 5xShortSG220331,DCAW,20220310_091600,dlcertificates,MAINBOARD
DBS 5xShortSG221201,DTFW,20220310_091600,dlcertificates,MAINBOARD
DBS 5xShortSG240306,DLDW,20220310_091600,dlcertificates,MAINBOARD
DBS MB eCW220328,57CW,20220310_091600,structuredwarrants,MAINBOARD
DBS MB eCW220627,9ZVW,20220310_091600,structuredwarrants,MAINBOARD
DBS MB eCW220701,UKDW,20220310_091600,structuredwarrants,MAINBOARD
DBS MB eCW221028,ZOBW,20220310_091600,structuredwarrants,MAINBOARD
DBS MB ePW220627,Y2BW,20220310_091600,structuredwarrants,MAINBOARD
DBS MB ePW220701,9SNW,20220310_091600,structuredwarrants,MAINBOARD
DBS MB ePW221215,MNTW,20220310_091600,structuredwarrants,MAINBOARD
Debao Property^,BTF,20220310_091600,stocks,MAINBOARD
Del Monte Pac,D03,20220310_091600,stocks,MAINBOARD
Delfi,P34,20220310_091600,stocks,MAINBOARD
Design Studio,D11,20220310_091600,stocks,MAINBOARD
DigiCore Reit USD,DCRU,20220310_091600,reits,MAINBOARD
Digilife Tech,BAI,20220310_091600,stocks,CATALIST
DISA,532,20220310_091600,stocks,CATALIST
Don Agro,GRQ,20220310_091600,stocks,CATALIST
Dragon^,MT1,20220310_091600,stocks,MAINBOARD
Duty Free Intl,5SO,20220310_091600,stocks,MAINBOARD
Duty Free Intl W220513,CHBW,20220310_091600,companywarrants,MAINBOARD
Dyna-Mac,NO4,20220310_091600,stocks,MAINBOARD
Eagle HTrust USD,LIW,20220310_091600,businesstrusts,MAINBOARD
EC World Reit,BWCU,20220310_091600,reits,MAINBOARD
Econ Healthcare,EHG,20220310_091600,stocks,CATALIST
EcoWise,5CT,20220310_091600,stocks,CATALIST
Edition,5HG,20220310_091600,stocks,CATALIST
Eindec,42Z,20220310_091600,stocks,CATALIST
EliteComREIT GBP,MXNU,20220310_091600,reits,MAINBOARD
Ellipsiz,BIX,20220310_091600,stocks,MAINBOARD
Eneco Energy^,R14,20220310_091600,stocks,MAINBOARD
EnGro,S44,20220310_091600,stocks,MAINBOARD
Envictus,BQD,20220310_091600,stocks,MAINBOARD
Envictus W221128,IWKW,20220310_091600,companywarrants,MAINBOARD
Enviro-Hub,L23,20220310_091600,stocks,MAINBOARD
Epicentre,5MQ,20220310_091600,stocks,CATALIST
ES,5RC,20220310_091600,stocks,CATALIST
ESR-REIT,J91U,20220310_091600,reits,MAINBOARD
ETC Singapore,1C0,20220310_091600,stocks,CATALIST
EuroSports Gbl,5G1,20220310_091600,stocks,CATALIST
Excelpoint,BDF,20220310_091600,stocks,MAINBOARD
Ezion,5ME,20220310_091600,stocks,MAINBOARD
Ezra,5DN,20220310_091600,stocks,MAINBOARD
F & N,F99,20220310_091600,stocks,MAINBOARD
Fabchem China^,BFT,20220310_091600,stocks,MAINBOARD
Falcon Energy,5FL,20220310_091600,stocks,MAINBOARD
Far East,5TJ,20220310_091600,stocks,CATALIST
Far East HTrust,Q5T,20220310_091600,businesstrusts,MAINBOARD
Far East Orchard,O10,20220310_091600,stocks,MAINBOARD
Federal Int,BDU,20220310_091600,stocks,MAINBOARD
Figtree,5F4,20220310_091600,stocks,CATALIST
First Reit,AW9U,20220310_091600,reits,MAINBOARD
First Reit A,WCJU,20220310_091600,reits,MAINBOARD
First Resources,EB5,20220310_091600,stocks,MAINBOARD
First Sponsor,ADN,20220310_091600,stocks,MAINBOARD
First Sponsor W240530,QNHW,20220310_091600,companywarrants,MAINBOARD
First Sponsor W290321,RAYW,20220310_091600,companywarrants,MAINBOARD
FJ Benjamin,F10,20220310_091600,stocks,CATALIST
Food Empire,F03,20220310_091600,stocks,MAINBOARD
Forise Int,8A1,20220310_091600,stocks,MAINBOARD
FortressMinerals,OAJ,20220310_091600,stocks,CATALIST
FPTrea b3.65%220522#,AXXZ,20220310_052708,retailbonds,MAINBOARD
Frasers Cpt Tr,J69U,20220310_091600,reits,MAINBOARD
Frasers HTrust,ACV,20220310_091600,businesstrusts,MAINBOARD
Frasers L&C Tr,BUOU,20220310_091600,reits,MAINBOARD
Frasers Property,TQ5,20220310_091600,stocks,MAINBOARD
Frencken,E28,20220310_091600,stocks,MAINBOARD
FSL Trust,D8DU,20220310_091600,businesstrusts,MAINBOARD
Fu Yu,F13,20220310_091600,stocks,MAINBOARD
Fuji Offset,508,20220310_091600,stocks,CATALIST
Full Apex^,BTY,20220310_091600,stocks,MAINBOARD
Fuxing China,AWK,20220310_091600,stocks,MAINBOARD
G Invacom,QS9,20220310_091600,stocks,MAINBOARD
G K Goh,G41,20220310_091600,stocks,MAINBOARD
Galaxy 5xLongSG221013,DLBW,20220310_091600,dlcertificates,MAINBOARD
Galaxy 5xLongSG230331,DBTW,20220310_091600,dlcertificates,MAINBOARD
Galaxy 5xShortSG220328,DZCW,20220310_091600,dlcertificates,MAINBOARD
Galaxy 5xShortSG221215,DXHW,20220310_091600,dlcertificates,MAINBOARD
Galaxy 5xShortSG230920,DGCW,20220310_091600,dlcertificates,MAINBOARD
Galaxy MB eCW220705,MWSW,20220310_091600,structuredwarrants,MAINBOARD
Galaxy MB ePW220705,8Q1W,20220310_091600,structuredwarrants,MAINBOARD
Gallant Venture,5IG,20220310_091600,stocks,MAINBOARD
Ganfeng 5xLongSG221223,DIZW,20220310_091600,dlcertificates,MAINBOARD
Ganfeng 5xShortSG221223,DEXW,20220310_091600,dlcertificates,MAINBOARD
GanfengLit MB eCW220705,PZGW,20220310_091600,structuredwarrants,MAINBOARD
GCCP,41T,20220310_091600,stocks,CATALIST
GDR Cheng Mei US$S,CKW,20220309_230034,others,MAINBOARD
GDR Kakao Corp US$ A,CQC,20220309_230034,others,MAINBOARD
GDR Kakao Corp US$ R,CQD,20220309_230034,others,MAINBOARD
GDR PJSC GazpromUS$S,AAI,20220309_230034,others,MAINBOARD
GDR UPL US$,BYS,20220309_230034,others,MAINBOARD
GDR Youngone US$ S,RQ9,20220309_230034,others,MAINBOARD
GDS Global,5VP,20220310_091600,stocks,CATALIST
Geely 5xLongSG220530,DGAW,20220310_091600,dlcertificates,MAINBOARD
Geely 5xLongSG220621,DDHW,20220310_091600,dlcertificates,MAINBOARD
Geely 5xLongSG230202,DNDW,20220310_091600,dlcertificates,MAINBOARD
Geely 5xLongSG230331,DVPW,20220310_091600,dlcertificates,MAINBOARD
Geely 5xShortSG221201,DBCW,20220310_091600,dlcertificates,MAINBOARD
Geely 5xShortSG221215,DSHW,20220310_091600,dlcertificates,MAINBOARD
Geely 5xShortSG230126,DDEW,20220310_091600,dlcertificates,MAINBOARD
Geely 5xShortSG230825,DDZW,20220310_091600,dlcertificates,MAINBOARD
Geely 5xShortSG231214,DCDW,20220310_091600,dlcertificates,MAINBOARD
Geely MB eCW220404,58YW,20220310_091600,structuredwarrants,MAINBOARD
Geely MB eCW221004,HVQW,20220310_091600,structuredwarrants,MAINBOARD
Geely MB ePW220404,KXJW,20220310_091600,structuredwarrants,MAINBOARD
Geely MB ePW221004,Y9EW,20220310_091600,structuredwarrants,MAINBOARD
Genting 5xLongSG230420,DUBW,20220310_091600,dlcertificates,MAINBOARD
Genting 5xShortSG220328,DQOW,20220310_091600,dlcertificates,MAINBOARD
Genting 5xShortSG240306,DQGW,20220310_091600,dlcertificates,MAINBOARD
Genting Sing,G13,20220310_091600,stocks,MAINBOARD
GentingSMBeCW220429,FUBW,20220310_091600,structuredwarrants,MAINBOARD
GentingSMBeCW221028,OQTW,20220310_091600,structuredwarrants,MAINBOARD
Geo Energy Res,RE4,20220310_091600,stocks,MAINBOARD
GHY Culture,XJB,20220310_091600,stocks,MAINBOARD
GKE,595,20220310_091600,stocks,CATALIST
GLD SG$,GSD,20220310_091600,etfs,MAINBOARD
GLD US$,O87,20220310_091600,etfs,MAINBOARD
Global Dragon,586,20220310_091600,stocks,CATALIST
Global Inv,B73,20220310_084324,others,MAINBOARD
Global Inv,B73,20220310_091600,stocks,MAINBOARD
Global Palm Res,BLW,20220310_091600,stocks,MAINBOARD
Global Testing,AYN,20220310_091600,stocks,MAINBOARD
Golden Agri-Res,E5H,20220310_091600,stocks,MAINBOARD
Golden Energy,AUE,20220310_091600,stocks,MAINBOARD
Goodland,5PC,20220310_091600,stocks,MAINBOARD
GP Industries,G20,20220310_091600,stocks,MAINBOARD
Grand Banks,G50,20220310_091600,stocks,MAINBOARD
Grand Venture,JLB,20220310_091600,stocks,MAINBOARD
Great Eastern,G07,20220310_091600,stocks,MAINBOARD
Green Build,Y06,20220310_091600,stocks,MAINBOARD
GRP,BLU,20220310_091600,stocks,MAINBOARD
GS Hldg,43A,20220310_091600,stocks,CATALIST
GSH,BDX,20220310_091600,stocks,MAINBOARD
GSH cb5.2%241012#,Y6OB,20220310_074903,retailbonds,MAINBOARD
GSS Energy,41F,20220310_091600,stocks,CATALIST
Guoan Intl,G11,20220310_091600,stocks,MAINBOARD
GuocoLand,F17,20220310_091600,stocks,MAINBOARD
GWMotor 5xLongSG221223,DCKW,20220310_091600,dlcertificates,MAINBOARD
GWMotor 5xShortSG221223,DZKW,20220310_091600,dlcertificates,MAINBOARD
GYP Properties,AWS,20220310_091600,stocks,MAINBOARD
Hafary,5VS,20220310_091600,stocks,MAINBOARD
Hai Leck,BLH,20220310_091600,stocks,MAINBOARD
Halcyon Agri,5VJ,20220310_091600,stocks,MAINBOARD
Hanwell,DM0,20220310_091600,stocks,MAINBOARD
Hatten Land,PH0,20220310_091600,stocks,CATALIST
Haw Par,H02,20220310_091600,stocks,MAINBOARD
HBC ADR US$,PU6D,20220310_071838,adrs,GLOBAL_QUOTE
HC Surgical,1B1,20220310_091600,stocks,CATALIST
HealthBank,40B,20220310_091600,stocks,CATALIST
Healthway Med,5NG,20220310_091600,stocks,CATALIST
Heatec Jietong,5OR,20220310_091600,stocks,CATALIST
Heeton,5DP,20220310_091600,stocks,MAINBOARD
Hengyang Petro,5PD,20220310_091600,stocks,CATALIST
HG Metal,BTG,20220310_091600,stocks,MAINBOARD
HGH,5GZ,20220310_091600,stocks,CATALIST
Hiap Hoe,5JK,20220310_091600,stocks,MAINBOARD
Hiap Seng,510,20220310_091600,stocks,MAINBOARD
Hiap Tong,5PO,20220310_091600,stocks,CATALIST
HKEx 5xLongSG240125,DYYW,20220310_091600,dlcertificates,MAINBOARD
HKEx 5xShortSG230920,DHEW,20220310_091600,dlcertificates,MAINBOARD
HKEx 5xShortSG240125,DLTW,20220310_091600,dlcertificates,MAINBOARD
HL Global Ent,AVX,20220310_091600,stocks,MAINBOARD
HNP ADR US$,K3FD,20220310_085950,adrs,GLOBAL_QUOTE
Ho Bee Land,H13,20220310_091600,stocks,MAINBOARD
Hock Lian Seng,J2T,20220310_091600,stocks,MAINBOARD
Hoe Leong,H20,20220310_091600,stocks,MAINBOARD
Hong Fok,H30,20220310_091600,stocks,MAINBOARD
Hong Lai Huat,CTO,20220310_091600,stocks,MAINBOARD
Hong Leong Asia,H22,20220310_091600,stocks,MAINBOARD
Hong Leong Fin,S41,20220310_091600,stocks,MAINBOARD
HongkongLand USD,H78,20220310_091600,stocks,MAINBOARD
Hor Kew,BBP,20220310_091600,stocks,MAINBOARD
Hosen,5EV,20220310_091600,stocks,CATALIST
Hotel Grand,H18,20220310_091600,stocks,MAINBOARD
Hotel Royal,H12,20220310_091600,stocks,MAINBOARD
Hotung Inv,BLS,20220310_091600,stocks,MAINBOARD
HPH Trust SGD,P7VU,20220310_091600,businesstrusts,MAINBOARD
HPH Trust USD,NS8U,20220310_091600,businesstrusts,MAINBOARD
HPL,H15,20220310_091600,stocks,MAINBOARD
HRnetGroup,CHZ,20220310_091600,stocks,MAINBOARD
HS Optimus,504,20220310_091600,stocks,CATALIST
HSBC 5xLongSG230920,DHSW,20220310_091600,dlcertificates,MAINBOARD
HSBC 5xLongSG250203,DOCW,20220310_091600,dlcertificates,MAINBOARD
HSBC 5xShortSG241213,DTIW,20220310_091600,dlcertificates,MAINBOARD
HSCEI 5xLongSG230420,CZPW,20220310_091600,dlcertificates,MAINBOARD
HSCEI 5xShortSG230420,CUKW,20220310_091600,dlcertificates,MAINBOARD
HSCEI 7xLongSG231215,CYFW,20220310_091600,dlcertificates,MAINBOARD
HSCEI 7xShortSG231215,CXRW,20220310_091600,dlcertificates,MAINBOARD
HSI 19400MBePW220530,NPHW,20220310_091600,structuredwarrants,MAINBOARD
HSI 20200MBePW220530,DIYW,20220310_091600,structuredwarrants,MAINBOARD
HSI 20600MBePW220428,LPMW,20220310_091600,structuredwarrants,MAINBOARD
HSI 20800MBeCW220429,VDHW,20220310_091600,structuredwarrants,MAINBOARD
HSI 21400MBePW220428,KAFW,20220310_091600,structuredwarrants,MAINBOARD
HSI 21600MBeCW220429,9UPW,20220310_091600,structuredwarrants,MAINBOARD
HSI 21800MBePW220330,NWNW,20220310_091600,structuredwarrants,MAINBOARD
HSI 22000MBeCW220530,PVDW,20220310_091600,structuredwarrants,MAINBOARD
HSI 22200MBePW220428,PVWW,20220310_091600,structuredwarrants,MAINBOARD
HSI 22600MBePW220330,OEMW,20220310_091600,structuredwarrants,MAINBOARD
HSI 22600MBePW220530,PBBW,20220310_091600,structuredwarrants,MAINBOARD
HSI 22800MBeCW220530,Y4CW,20220310_091600,structuredwarrants,MAINBOARD
HSI 23000MBePW220629,OQNW,20220310_091600,structuredwarrants,MAINBOARD
HSI 23400MBePW220330,IXDW,20220310_091600,structuredwarrants,MAINBOARD
HSI 24000MBeCW220428,OFGW,20220310_091600,structuredwarrants,MAINBOARD
HSI 24000MBePW220629,GJEW,20220310_091600,structuredwarrants,MAINBOARD
HSI 24400MBeCW220330,9TZW,20220310_091600,structuredwarrants,MAINBOARD
HSI 24800MBeCW220428,IYZW,20220310_091600,structuredwarrants,MAINBOARD
HSI 25200MBeCW220330,NPSW,20220310_091600,structuredwarrants,MAINBOARD
HSI 25400MBeCW220629,KMUW,20220310_091600,structuredwarrants,MAINBOARD
HSI 25600MBeCW220428,1N3W,20220310_091600,structuredwarrants,MAINBOARD
HSI 26000MBeCW220530,HRDW,20220310_091600,structuredwarrants,MAINBOARD
HSI 26200MBeCW220330,SSAW,20220310_091600,structuredwarrants,MAINBOARD
HSI 26400MBeCW220629,971W,20220310_091600,structuredwarrants,MAINBOARD
HSI 27400MBeCW220629,ZKCW,20220310_091600,structuredwarrants,MAINBOARD
HSI 28000MBeCW220530,GSKW,20220310_091600,structuredwarrants,MAINBOARD
HSI 5xLongSG230420,CWAW,20220310_091600,dlcertificates,MAINBOARD
HSI 5xShortSG230420,CXQW,20220310_091600,dlcertificates,MAINBOARD
HSI 7xLongSG230215,CUDW,20220310_091600,dlcertificates,MAINBOARD
HSI 7xLongSG231215,CUUW,20220310_091600,dlcertificates,MAINBOARD
HSI 7xLongSG240215,CVAW,20220310_091600,dlcertificates,MAINBOARD
HSI 7xLongUB241231,KNXW,20220310_091600,dlcertificates,MAINBOARD
HSI 7xShortSG230920,CZBW,20220310_091600,dlcertificates,MAINBOARD
HSI 7xShortSG240125,CZMW,20220310_091600,dlcertificates,MAINBOARD
HSI 7xShortUB241231,HOHW,20220310_091600,dlcertificates,MAINBOARD
HSTECH 5000MBePW220629,PPBW,20220310_091600,structuredwarrants,MAINBOARD
HSTECH 5400MBePW220330,GYOW,20220310_091600,structuredwarrants,MAINBOARD
HSTECH 5600MBeCW220629,HWUW,20220310_091600,structuredwarrants,MAINBOARD
HSTECH 5xLongSG220602,CDDW,20220310_091600,dlcertificates,MAINBOARD
HSTECH 5xLongSG230215,CWDW,20220310_091600,dlcertificates,MAINBOARD
HSTECH 5xLongSG230216,CXDW,20220310_091600,dlcertificates,MAINBOARD
HSTECH 5xShortSG220602,CZCW,20220310_091600,dlcertificates,MAINBOARD
HSTECH 5xShortSG230216,CWEW,20220310_091600,dlcertificates,MAINBOARD
HSTECH 6000MBePW220629,VETW,20220310_091600,structuredwarrants,MAINBOARD
HSTECH 6200MBeCW220330,UEDW,20220310_091600,structuredwarrants,MAINBOARD
HSTECH 6400MBePW220330,ZM4W,20220310_091600,structuredwarrants,MAINBOARD
HSTECH 6600MBeCW220629,TGSW,20220310_091600,structuredwarrants,MAINBOARD
HSTECH 7200MBeCW220330,SRWW,20220310_091600,structuredwarrants,MAINBOARD
Hu An Cable,KI3,20220310_091600,stocks,MAINBOARD
Huationg Global,41B,20220310_091600,stocks,CATALIST
Hwa Hong,H19,20220310_091600,stocks,MAINBOARD
Hyflux,600,20220310_091600,stocks,MAINBOARD
Hyflux 6% CPS#,N2H,20220309_230034,retailpreferenceshares,MAINBOARD
Hyflux 6% PerCapSec#,BTWZ,20220309_230034,retailbonds,MAINBOARD
Hyphens Pharma,1J5,20220310_091600,stocks,CATALIST
ICBC CSOP CGB ETF S$,CYC,20220310_091600,etfs,MAINBOARD
ICBC CSOP CGB ETF US$D,CYB,20220310_091600,etfs,MAINBOARD
ICP Ltd,5I4,20220310_091600,stocks,CATALIST
IFAST,AIY,20220310_091600,stocks,MAINBOARD
IFS Capital,I49,20220310_091600,stocks,MAINBOARD
IHH,Q0F,20220310_091600,stocks,MAINBOARD
Imperium Crown,5HT,20220310_091600,stocks,CATALIST
Inch Kenneth,I4R,20220310_091600,stocks,MAINBOARD
Incredible,RDR,20220310_091600,stocks,CATALIST
Incredible W240204,W1XW,20220310_091600,companywarrants,CATALIST
Indofood Agri,5JS,20220310_091600,stocks,MAINBOARD
Informatics W240821^,LSCW,20220310_091600,companywarrants,MAINBOARD
Informatics^,BOU,20220310_091600,stocks,MAINBOARD
InnoTek,M14,20220310_091600,stocks,MAINBOARD
Interra Resource^,5GI,20220310_091600,stocks,MAINBOARD
Intl Cement,KUO,20220310_091600,stocks,MAINBOARD
Intraco,I06,20220310_091600,stocks,MAINBOARD
Inv Beve Biz EURO S,J0T,20220309_230034,others,MAINBOARD
IPC Corp,AZA,20220310_091600,stocks,MAINBOARD
IPS Securex,42N,20220310_091600,stocks,CATALIST
IREIT Global EUR,8U7U,20220310_091600,reits,MAINBOARD
IREIT Global SGD,UD1U,20220310_091600,reits,MAINBOARD
IS ASIA BND S$D,QL2,20220310_091600,etfs,MAINBOARD
IS ASIA BND US$,N6M,20220310_091600,etfs,MAINBOARD
IS ASIA HYG S$D,QL3,20220310_091600,etfs,MAINBOARD
IS ASIA HYG US$,O9P,20220310_091600,etfs,MAINBOARD
IS MS INDIA S$D,QK9,20220310_091600,etfs,MAINBOARD
IS MS INDIA US$,I98,20220310_091600,etfs,MAINBOARD
ISDN,I07,20220310_091600,stocks,MAINBOARD
ISEC,40T,20220310_091600,stocks,CATALIST
Isetan,I15,20220310_091600,stocks,MAINBOARD
ISOTeam,5WF,20220310_091600,stocks,CATALIST
IX Biopharma,42C,20220310_091600,stocks,CATALIST
Jackspeed,J17,20220310_091600,stocks,MAINBOARD
Jadason,J03,20220310_091600,stocks,MAINBOARD
Japan Foods,5OI,20220310_091600,stocks,CATALIST
Japfa,UD2,20220310_091600,stocks,MAINBOARD
Jardine C&C,C07,20220310_091600,stocks,MAINBOARD
Jason Marine,5PF,20220310_091600,stocks,CATALIST
Jasper Inv,FQ7,20220310_091600,stocks,MAINBOARD
Jawala,1J7,20220310_091600,stocks,CATALIST
JB Foods,BEW,20220310_091600,stocks,MAINBOARD
JD 5xLongSG230615,DJCW,20220310_091600,dlcertificates,MAINBOARD
JD 5xLongSG230615A,DJDW,20220310_091600,dlcertificates,MAINBOARD
JD 5xShortSG220908,DUDW,20220310_091600,dlcertificates,MAINBOARD
JD 5xShortSG230907,DJBW,20220310_091600,dlcertificates,MAINBOARD
JD MB eCW220404,WW8W,20220310_091600,structuredwarrants,MAINBOARD
JD MB eCW220705,YVDW,20220310_091600,structuredwarrants,MAINBOARD
JD MB ePW220404,FOAW,20220310_091600,structuredwarrants,MAINBOARD
JD MB ePW220705,NKMW,20220310_091600,structuredwarrants,MAINBOARD
JEP,1J4,20220310_091600,stocks,CATALIST
JES Intl,EG0,20220310_091600,stocks,MAINBOARD
Jiutian Chemical,C8R,20220310_091600,stocks,CATALIST
JMH USD,J36,20220310_091600,stocks,MAINBOARD
Joyas Intl,E9L,20220310_091600,stocks,CATALIST
Jubilee,NHD,20220310_091600,stocks,CATALIST
Jumbo,42R,20220310_091600,stocks,CATALIST
Karin Tech,K29,20220310_091600,stocks,MAINBOARD
Katrina,1A0,20220310_091600,stocks,CATALIST
Kencana Agri,BNE,20220310_091600,stocks,MAINBOARD
Keong Hong,5TT,20220310_091600,stocks,MAINBOARD
Kep Infra Tr,A7RU,20220310_091600,businesstrusts,MAINBOARD
KepCorp 5xLongSG230920,DKEW,20220310_091600,dlcertificates,MAINBOARD
KepCorp 5xShortSG221201,DAZW,20220310_091600,dlcertificates,MAINBOARD
KepCorpMBeCW221031,HMPW,20220310_091600,structuredwarrants,MAINBOARD
KepPacOakReitUSD,CMOU,20220310_091600,reits,MAINBOARD
Keppel Corp,BN4,20220310_091600,stocks,MAINBOARD
Keppel DC Reit,AJBU,20220310_091600,reits,MAINBOARD
Keppel Reit,K71U,20220310_091600,reits,MAINBOARD
Khong Guan,K03,20220310_091600,stocks,MAINBOARD
Kim Heng,5G2,20220310_091600,stocks,CATALIST
Kimly,1D0,20220310_091600,stocks,CATALIST
King Wan,554,20220310_091600,stocks,MAINBOARD
Kingdee 5xLongSG231220,DLKW,20220310_091600,dlcertificates,MAINBOARD
Kingdee 5xShortSG231220,DOOW,20220310_091600,dlcertificates,MAINBOARD
KingsmenCreative,5MZ,20220310_091600,stocks,MAINBOARD
Kingsof 5xLongSG220908,DMDW,20220310_091600,dlcertificates,MAINBOARD
Kingsof 5xShortSG230126,DZQW,20220310_091600,dlcertificates,MAINBOARD
Kingsof 5xShortSG231220,DLSW,20220310_091600,dlcertificates,MAINBOARD
Kitchen Culture,5TI,20220310_091600,stocks,CATALIST
Koda,BJZ,20220310_091600,stocks,MAINBOARD
Koh Bros,K75,20220310_091600,stocks,MAINBOARD
Koh Eco,5HV,20220310_091600,stocks,CATALIST
Koh Eco W230925,KHDW,20220310_091600,companywarrants,CATALIST
KOP,5I1,20220310_091600,stocks,CATALIST
Kori,5VC,20220310_091600,stocks,CATALIST
Koufu,VL6,20220310_091600,stocks,MAINBOARD
Koyo Intl,5OC,20220310_091600,stocks,CATALIST
KrisEnergy,SK3,20220310_091600,stocks,MAINBOARD
KrisEnergy W240131,CDXW,20220310_091600,companywarrants,MAINBOARD
KrisEnergy z240131,CDVZ,20220309_230034,retailbonds,MAINBOARD
KS Energy^,578,20220310_091600,stocks,MAINBOARD
KSH,ER0,20220310_091600,stocks,MAINBOARD
KTL Global^,EB7,20220310_091600,stocks,MAINBOARD
KTMG,XCF,20220310_091600,stocks,CATALIST
Kuaisho 5xLongSG220621,DHTW,20220310_091600,dlcertificates,MAINBOARD
Kuaisho 5xLongSG220808,DXDW,20220310_091600,dlcertificates,MAINBOARD
Kuaisho 5xLongSG230202,DRAW,20220310_091600,dlcertificates,MAINBOARD
Kuaisho 5xShortSG230202,DPAW,20220310_091600,dlcertificates,MAINBOARD
Kuaisho MB eCW220404,KSDW,20220310_091600,structuredwarrants,MAINBOARD
Kuaisho MB eCW220705,HNJW,20220310_091600,structuredwarrants,MAINBOARD
Kuaisho MB eCW221004,9AMW,20220310_091600,structuredwarrants,MAINBOARD
Kuaisho MB ePW220705,XVWW,20220310_091600,structuredwarrants,MAINBOARD
Lasseters Intl,5EL,20220310_091600,stocks,CATALIST
Leader Env,LS9,20220310_091600,stocks,MAINBOARD
Lendlease Reit,JYEU,20220310_091600,reits,MAINBOARD
Lenovo 5xLongSG220316,DGVW,20220310_091600,dlcertificates,MAINBOARD
Lenovo 5xLongSG240215,DAIW,20220310_091600,dlcertificates,MAINBOARD
Lenovo 5xShortSG220316,DEIW,20220310_091600,dlcertificates,MAINBOARD
Lenovo 5xShortSG240215,DBIW,20220310_091600,dlcertificates,MAINBOARD
Ley Choon,Q0X,20220310_091600,stocks,CATALIST
LHN,41O,20220310_091600,stocks,CATALIST
LHT,BEI,20220310_091600,stocks,MAINBOARD
Lian Beng,L03,20220310_091600,stocks,MAINBOARD
Libra,5TR,20220310_091600,stocks,CATALIST
LifeBrandz,1D3,20220310_091600,stocks,CATALIST
LifeBrandz W240621,NCXW,20220310_091600,companywarrants,CATALIST
LiNing 5xLongSG231019,DCJW,20220310_091600,dlcertificates,MAINBOARD
LiNing 5xShortSG231019,DVBW,20220310_091600,dlcertificates,MAINBOARD
Lion Asiapac,BAZ,20220310_091600,stocks,MAINBOARD
Lion-OCBC Sec HSTECH S$,HST,20220310_091600,etfs,MAINBOARD
Lion-OCBC Sec HSTECH US$,HSS,20220310_091600,etfs,MAINBOARD
Lion-OSPL China L CNY,YYR,20220310_091600,etfs,MAINBOARD
Lion-OSPL China L S$,YYY,20220310_091600,etfs,MAINBOARD
LION-PHILLIP S-REIT,CLR,20220310_091600,etfs,MAINBOARD
Lippo Malls Tr,D5IU,20220310_091600,reits,MAINBOARD
Livingstone,PRH,20220310_091600,stocks,CATALIST
Lonza,O6Z,20220310_091600,stocks,MAINBOARD
Lorenzo Intl,5IE,20220310_091600,stocks,MAINBOARD
Low Keng Huat,F1E,20220310_091600,stocks,MAINBOARD
LS 2 Holdings,ENV,20220310_091600,stocks,CATALIST
Lum Chang,L19,20220310_091600,stocks,MAINBOARD
Luminor,5UA,20220310_091600,stocks,CATALIST
Lung Kee Bermuda,L09,20220310_091600,stocks,MAINBOARD
Luxking,BKK,20220310_091600,stocks,MAINBOARD
LY Corp,1H8,20220310_091600,stocks,CATALIST
Lyxor Asia US$,P60,20220310_091600,etfs,MAINBOARD
Lyxor ChinaESG US$,P58,20220310_091600,etfs,MAINBOARD
Lyxor EM Mkt US$,H1N,20220310_091600,etfs,MAINBOARD
Lyxor MSIndia US$,G1N,20220310_091600,etfs,MAINBOARD
Magnus Energy,41S,20220310_091600,stocks,CATALIST
Maiwai Fund USD S,TY3,20220309_230034,others,MAINBOARD
Man Oriental USD,M04,20220310_091600,stocks,MAINBOARD
Manhattan Res^,L02,20220310_091600,stocks,MAINBOARD
ManulifeReit USD,BTOU,20220310_091600,reits,MAINBOARD
Mapletree Com Tr,N2IU,20220310_091600,reits,MAINBOARD
Mapletree Ind Tr,ME8U,20220310_091600,reits,MAINBOARD
Mapletree Log Tr,M44U,20220310_091600,reits,MAINBOARD
Mapletree LogTr A,RCQU,20220310_091600,reits,MAINBOARD
Mapletree NAC Tr,RW0U,20220310_091600,reits,MAINBOARD
MarcoPolo Marine,5LY,20220310_091600,stocks,MAINBOARD
MarcoPolo MarW230129,CQLW,20220310_091600,companywarrants,MAINBOARD
Maruwa Yen1k,M12,20220310_091600,stocks,MAINBOARD
Mary Chia,5OX,20220310_091600,stocks,CATALIST
Matex Intl,M15,20220310_091600,stocks,CATALIST
Maxi-Cash Fin,5UF,20220310_091600,stocks,CATALIST
MDR Limited,Y3D,20220310_091600,stocks,MAINBOARD
Medi Lifestyle,5TN,20220310_091600,stocks,CATALIST
Medinex,OTX,20220310_091600,stocks,CATALIST
Medtecs Intl,546,20220310_091600,stocks,CATALIST
MegaChem,5DS,20220310_091600,stocks,CATALIST
MeGroup,SJY,20220310_091600,stocks,CATALIST
Meituan 5xLongSG220331,DZHW,20220310_091600,dlcertificates,MAINBOARD
Meituan 5xLongSG220808,DMGW,20220310_091600,dlcertificates,MAINBOARD
Meituan 5xLongSG221215,DGZW,20220310_091600,dlcertificates,MAINBOARD
Meituan 5xLongSG230306,DMHW,20220310_091600,dlcertificates,MAINBOARD
Meituan 5xLongSG230306A,DNGW,20220310_091600,dlcertificates,MAINBOARD
Meituan 5xLongSG230712,DMEW,20220310_091600,dlcertificates,MAINBOARD
Meituan 5xLongUB241231,LQRW,20220310_091600,dlcertificates,MAINBOARD
Meituan 5xShortSG221215,DFBW,20220310_091600,dlcertificates,MAINBOARD
Meituan 5xShortSG230712,DMSW,20220310_091600,dlcertificates,MAINBOARD
Meituan 5xShortSG230907,DMAW,20220310_091600,dlcertificates,MAINBOARD
Meituan 5xShortSG231214,DARW,20220310_091600,dlcertificates,MAINBOARD
Meituan 5xShortUB241231,HMMW,20220310_091600,dlcertificates,MAINBOARD
Meituan MB eCW220404,YPJW,20220310_091600,structuredwarrants,MAINBOARD
Meituan MB eCW220705,RPLW,20220310_091600,structuredwarrants,MAINBOARD
Meituan MB eCW221004,9T2W,20220310_091600,structuredwarrants,MAINBOARD
Meituan MB ePW220404,HXHW,20220310_091600,structuredwarrants,MAINBOARD
Meituan MB ePW220705,VOCW,20220310_091600,structuredwarrants,MAINBOARD
Meituan MB ePW221004,5X7W,20220310_091600,structuredwarrants,MAINBOARD
Memiontec,SYM,20220310_091600,stocks,CATALIST
Memories,1H4,20220310_091600,stocks,CATALIST
Mencast^,5NF,20220310_091600,stocks,MAINBOARD
Mercurius,5RF,20220310_091600,stocks,CATALIST
Mermaid Maritime,DU4,20220310_091600,stocks,MAINBOARD
Meta Health,5DX,20220310_091600,stocks,CATALIST
Metech Intl,V3M,20220310_091600,stocks,CATALIST
Metro,M01,20220310_091600,stocks,MAINBOARD
Mewah Intl,MV4,20220310_091600,stocks,MAINBOARD
MFG ADR US$,N6DD,20220310_020000,adrs,GLOBAL_QUOTE
MFG Integration,M11,20220310_091600,stocks,MAINBOARD
Micro-Mechanics,5DD,20220310_091600,stocks,MAINBOARD
Midas,5EN,20220310_091600,stocks,MAINBOARD
MindChamps,CNE,20220310_091600,stocks,MAINBOARD
Miyoshi,M03,20220310_091600,stocks,CATALIST
MM2 Asia,1B0,20220310_091600,stocks,MAINBOARD
MoneyMax Fin,5WJ,20220310_091600,stocks,CATALIST
Mooreast,1V3,20220310_091600,stocks,CATALIST
Moya Asia,5WE,20220310_091600,stocks,CATALIST
MS Hldgs,40U,20220310_091600,stocks,CATALIST
MSC,NPW,20220310_091600,stocks,MAINBOARD
MSM Intl,5QR,20220310_091600,stocks,CATALIST
MTQ,M05,20220310_091600,stocks,MAINBOARD
MTQ W230417,CRWW,20220310_091600,companywarrants,MAINBOARD
MTU ADR US$,N5YD,20220309_230034,adrs,GLOBAL_QUOTE
Multi-Chem,AWZ,20220310_091600,stocks,MAINBOARD
Mun Siong Engg,MF6,20220310_091600,stocks,MAINBOARD
Murata Yen1k,PJX,20220310_091600,stocks,MAINBOARD
MYCloud 5xLongSG220316,DFVW,20220310_091600,dlcertificates,MAINBOARD
MYCloud 5xShortSG220316,DTKW,20220310_091600,dlcertificates,MAINBOARD
MYP,F86,20220310_091600,stocks,MAINBOARD
N517100F 220401,BZKS,20220309_230034,sgsbonds,GLOBAL_QUOTE
N518100E 230201,CMHS,20220309_230034,sgsbonds,GLOBAL_QUOTE
N519100A 240201,LSHS,20220309_230034,sgsbonds,GLOBAL_QUOTE
N520100A 251101,QGES,20220309_230034,sgsbonds,GLOBAL_QUOTE
N521100V 261101,IRRS,20220309_230034,sgsbonds,GLOBAL_QUOTE
NA12100N 420401,PH1S,20220309_230034,sgsbonds,GLOBAL_QUOTE
NA16100H 460301,BJGS,20220309_230034,sgsbonds,GLOBAL_QUOTE
NA20100F 500301,ZL8S,20220309_230034,sgsbonds,GLOBAL_QUOTE
NA21200W 511001,ZFGS,20220309_230034,sgsbonds,GLOBAL_QUOTE
Nam Cheong,N4E,20220310_091600,stocks,MAINBOARD
Nam Lee Metal,G0I,20220310_091600,stocks,MAINBOARD
Nanofilm,MZH,20220310_091600,stocks,MAINBOARD
Natural Cool,5IF,20220310_091600,stocks,CATALIST
NauticAWT,42D,20220310_091600,stocks,CATALIST
NeraTel,N01,20220310_091600,stocks,MAINBOARD
Net Pacific Fin,5QY,20220310_091600,stocks,CATALIST
NetEase 5xLongSG230615,DNSW,20220310_091600,dlcertificates,MAINBOARD
NetEase 5xLongSG230615A,DNAW,20220310_091600,dlcertificates,MAINBOARD
NetEase 5xShortSG221115,PUOW,20220310_091600,dlcertificates,MAINBOARD
NetEase 5xShortSG230907,DNCW,20220310_091600,dlcertificates,MAINBOARD
NetLink NBN Tr,CJLU,20220310_091600,businesstrusts,MAINBOARD
New Silkroutes,BMT,20220310_091600,stocks,MAINBOARD
New Toyo,N08,20220310_091600,stocks,MAINBOARD
New Wave,5FX,20220310_091600,stocks,CATALIST
Nico Steel^,5GF,20220310_091600,stocks,MAINBOARD
Nikko AM STI ETF,G3B,20220310_091600,etfs,MAINBOARD
NikkoAM SGD IGBond ETF,MBH,20220310_091600,etfs,MAINBOARD
NIKKOAM-ICBCSG CNB CNY,ZHY,20220310_091600,etfs,MAINBOARD
NIKKOAM-ICBCSG CNB S$,ZHS,20220310_091600,etfs,MAINBOARD
NIKKOAM-ICBCSG CNB US$,ZHD,20220310_091600,etfs,MAINBOARD
NikkoAM-STC Asia REIT,CFA,20220310_091600,etfs,MAINBOARD
NikkoAM-STC A_REIT US$,COI,20220310_091600,etfs,MAINBOARD
NikkoAM-STC CN EV S$,EVS,20220310_091600,etfs,MAINBOARD
NikkoAM-STC CN EV US$,EVD,20220310_091600,etfs,MAINBOARD
Nippecraft,N32,20220310_091600,stocks,CATALIST
NKY 24000MBePW220311,YWJW,20220310_091600,structuredwarrants,MAINBOARD
NKY 25000MBePW220610,9LUW,20220310_091600,structuredwarrants,MAINBOARD
NKY 26000MBePW220311,IMNW,20220310_091600,structuredwarrants,MAINBOARD
NKY 27000MBeCW220311,ELMW,20220310_091600,structuredwarrants,MAINBOARD
NKY 27000MBePW220610,NDQW,20220310_091600,structuredwarrants,MAINBOARD
NKY 28000MBePW220311,SZQW,20220310_091600,structuredwarrants,MAINBOARD
NKY 29000MBeCW220311,OAOW,20220310_091600,structuredwarrants,MAINBOARD
NKY 29000MBePW220610,MALW,20220310_091600,structuredwarrants,MAINBOARD
NKY 30000MBeCW220610,PVYW,20220310_091600,structuredwarrants,MAINBOARD
NKY 31000MBeCW220311,PGLW,20220310_091600,structuredwarrants,MAINBOARD
NKY 32000MBeCW220610,YYFW,20220310_091600,structuredwarrants,MAINBOARD
NKY 34000MBeCW220610,HOQW,20220310_091600,structuredwarrants,MAINBOARD
No Signboard,1G6,20220310_091600,stocks,CATALIST
Noble,CGP,20220310_091600,stocks,MAINBOARD
Noel Gifts Intl,543,20220310_091600,stocks,MAINBOARD
Nomura Yen1k,N33,20220310_091600,stocks,MAINBOARD
Nongfu 5xLongSG220316,DWQW,20220310_091600,dlcertificates,MAINBOARD
Nordic,MR7,20220310_091600,stocks,MAINBOARD
Novo Tellus SPAC,NTA,20220310_091600,stocks,MAINBOARD
Novo Tellus SPAC W291231,NTSW,20220310_091600,companywarrants,MAINBOARD
NovoTellusSPAC U,NTU,20220310_091600,stocks,MAINBOARD
NSL,N02,20220310_091600,stocks,MAINBOARD
Ntegrator Intl,5HC,20220310_091600,stocks,CATALIST
NTES ADR US$+,K3MD,20220309_230034,adrs,GLOBAL_QUOTE
NutryFarm,AZT,20220310_091600,stocks,MAINBOARD
NX13100H 230701,R1MS,20220309_230034,sgsbonds,GLOBAL_QUOTE
NX15100Z 250601,AFUS,20220310_021037,sgsbonds,GLOBAL_QUOTE
NX16100F 260601,BJHS,20220309_230034,sgsbonds,GLOBAL_QUOTE
NX18100A 280501,CMGS,20220310_013437,sgsbonds,GLOBAL_QUOTE
NX21100N 310701,RXYS,20220309_230034,sgsbonds,GLOBAL_QUOTE
NY07100X 220901,7PMS,20220309_230034,sgsbonds,GLOBAL_QUOTE
NY09100H 240901,3UJS,20220309_230034,sgsbonds,GLOBAL_QUOTE
NY14100E 290701,T8FS,20220309_230034,sgsbonds,GLOBAL_QUOTE
NZ07100S 270301,7QQS,20220309_230034,sgsbonds,GLOBAL_QUOTE
NZ10100F 300901,OL9S,20220309_230034,sgsbonds,GLOBAL_QUOTE
NZ13100V 330901,R1NS,20220309_230034,sgsbonds,GLOBAL_QUOTE
NZ16100X 360801,BJIS,20220309_230034,sgsbonds,GLOBAL_QUOTE
NZ19100S 390701,8YLS,20220310_020936,sgsbonds,GLOBAL_QUOTE
OCBC 5xLongSG221201,DMUW,20220310_091600,dlcertificates,MAINBOARD
OCBC 5xShortSG221201,DFJW,20220310_091600,dlcertificates,MAINBOARD
OCBC Bank,O39,20220310_091600,stocks,MAINBOARD
OCBC Bk MB eCW220328,EPZW,20220310_091600,structuredwarrants,MAINBOARD
OCBC Bk MB eCW220627,YURW,20220310_091600,structuredwarrants,MAINBOARD
OCBC Bk MB eCW220630,P99W,20220310_091600,structuredwarrants,MAINBOARD
OCBC Bk MB eCW220701,TLMW,20220310_091600,structuredwarrants,MAINBOARD
OCBC Bk MB eCW221028,MCUW,20220310_091600,structuredwarrants,MAINBOARD
OCBC Bk MB ePW220331,Y1OW,20220310_091600,structuredwarrants,MAINBOARD
OCBC Bk MB ePW220615,WRDW,20220310_091600,structuredwarrants,MAINBOARD
OCBC Bk MB ePW220701,53JW,20220310_091600,structuredwarrants,MAINBOARD
Ocean Sky Intl,1B6,20220310_091600,stocks,CATALIST
Oceanus,579,20220310_091600,stocks,MAINBOARD
OEL,584,20220310_091600,stocks,CATALIST
Oiltek,HQU,20220310_091600,stocks,CATALIST
OIO,KUX,20220310_091600,stocks,CATALIST
OKH Global,S3N,20220310_091600,stocks,MAINBOARD
OKP,5CF,20220310_091600,stocks,MAINBOARD
Olam Group,VC2,20220310_091600,stocks,MAINBOARD
Olam Intl,O32,20220310_091600,stocks,MAINBOARD
Old Chang Kee,5ML,20220310_091600,stocks,CATALIST
Olive Tree,1H2,20220310_091600,stocks,CATALIST
OneApex,5SY,20220310_091600,stocks,CATALIST
Ossia Intl^,O08,20220310_091600,stocks,MAINBOARD
OTS Holdings,OTS,20220310_091600,stocks,CATALIST
OUE,LJ3,20220310_091600,stocks,MAINBOARD
OUE Com Reit,TS0U,20220310_091600,reits,MAINBOARD
OUE Lippo HC,5WA,20220310_091600,stocks,CATALIST
Ouhua Energy,AJ2,20220310_091600,stocks,MAINBOARD
Overseas Edu,RQ1,20220310_091600,stocks,MAINBOARD
Oxley,5UX,20220310_091600,stocks,MAINBOARD
OxPay Financial,TVV,20220310_091600,stocks,CATALIST
P5 Capital,5AI,20220310_091600,stocks,CATALIST
Pacific Andes,P11,20220310_091600,stocks,MAINBOARD
Pacific Century,P15,20220310_091600,stocks,MAINBOARD
Pacific Radiance,T8V,20220310_091600,stocks,MAINBOARD
Pacific Star Dev,1C5,20220310_091600,stocks,CATALIST
PAHLTH 5xLongSG220621,DCBW,20220310_091600,dlcertificates,MAINBOARD
PAHLTH 5xLongSG231012,DOPW,20220310_091600,dlcertificates,MAINBOARD
PAHLTH 5xShortSG220315,DOZW,20220310_091600,dlcertificates,MAINBOARD
Pan Asian,5EW,20220310_091600,stocks,CATALIST
Pan Hong,P36,20220310_091600,stocks,MAINBOARD
Pan Ocean,AZY,20220310_091600,stocks,MAINBOARD
PanUnited,P52,20220310_091600,stocks,MAINBOARD
Parkson Retail^,O9E,20220310_091600,stocks,MAINBOARD
ParkwayLife Reit,C2PU,20220310_091600,reits,MAINBOARD
Pavillon,596,20220310_091600,stocks,MAINBOARD
PEC,IX2,20220310_091600,stocks,MAINBOARD
Pegasus SPAC,PGS,20220310_091600,stocks,MAINBOARD
Pegasus SPAC U,PGU,20220309_091600,stocks,MAINBOARD
Pegasus SPAC W291231,PGEW,20220310_091600,companywarrants,MAINBOARD
Penguin Intl,BTM,20220310_091600,stocks,MAINBOARD
PetroCH 5xLongSG221201,DZAW,20220310_091600,dlcertificates,MAINBOARD
PetroCH 5xLongSG230331,D00W,20220310_091600,dlcertificates,MAINBOARD
PetroCH 5xShortSG220328,DTPW,20220310_091600,dlcertificates,MAINBOARD
PetroCH 5xShortSG231012,DHZW,20220310_091600,dlcertificates,MAINBOARD
Pharmesis Intl,BFK,20220310_091600,stocks,MAINBOARD
PHIL AP DIV REIT S$D,BYJ,20220310_091600,etfs,MAINBOARD
PHIL AP DIV REIT US$,BYI,20220310_091600,etfs,MAINBOARD
PHIL Long SiMSCI2X S$,LSS,20220310_091600,liprod,MAINBOARD
PHIL Long SiMSCI2X US$,LSU,20220310_091600,liprod,MAINBOARD
PHIL Short SiMSCI-1X S$,SSS,20220310_091600,liprod,MAINBOARD
PHIL Short SiMSCI-1X US$,SSU,20220310_091600,liprod,MAINBOARD
PHIL SING INC,OVQ,20220310_091600,etfs,MAINBOARD
PHILLIP MM S$,MMS,20220310_091600,etfs,MAINBOARD
PHILLIP MM US$D,MMT,20220310_091600,etfs,MAINBOARD
PingAn 5xLongSG230705,DQPW,20220310_091600,dlcertificates,MAINBOARD
PingAn 5xShortSG230705,DHMW,20220310_091600,dlcertificates,MAINBOARD
PingAn MB eCW220705,MBUW,20220310_091600,structuredwarrants,MAINBOARD
PingAn MB ePW220705,IUUW,20220310_091600,structuredwarrants,MAINBOARD
PlatoCapital,YYN,20220310_091600,stocks,CATALIST
PNE Industries,BDA,20220310_091600,stocks,MAINBOARD
Polaris,5BI,20220310_091600,stocks,CATALIST
Pollux Prop,5AE,20220310_091600,stocks,CATALIST
Powermatic Data,BCY,20220310_091600,stocks,MAINBOARD
Prime US ReitUSD,OXMU,20220310_091600,reits,MAINBOARD
PRINCIPAL ASEAN40 S$D,QS0,20220310_091600,etfs,MAINBOARD
PRINCIPAL ASEAN40 US$,M62,20220310_091600,etfs,MAINBOARD
PRINCIPAL S&P AP DIV S$D,QR9,20220310_091600,etfs,MAINBOARD
PRINCIPAL S&P AP DIV US$,P5P,20220310_091600,etfs,MAINBOARD
Procurri,BVQ,20220310_091600,stocks,MAINBOARD
Progen,583,20220310_091600,stocks,CATALIST
PropNex,OYY,20220310_091600,stocks,MAINBOARD
Prudential USD,K6S,20220310_091600,stocks,MAINBOARD
PTR ADR US$,K3OD,20220310_085950,adrs,GLOBAL_QUOTE
Q&M Dental,QC7,20220310_091600,stocks,MAINBOARD
QAF,Q01,20220310_091600,stocks,MAINBOARD
Qian Hu,BCV,20220310_091600,stocks,MAINBOARD
QT Vascular,5I0,20220310_091600,stocks,CATALIST
Raffles Edu,NR7,20220310_091600,stocks,MAINBOARD
Raffles Infrastructure^,LUY,20220310_091600,stocks,MAINBOARD
Raffles Medical,BSL,20220310_091600,stocks,MAINBOARD
RE&S Hldg,1G1,20220310_091600,stocks,CATALIST
Reclaims Global,NEX,20220310_091600,stocks,CATALIST
Reenova Investment^,5EC,20220310_091600,stocks,MAINBOARD
Regal Intl,UV1,20220310_091600,stocks,MAINBOARD
Renaissance United,I11,20220310_091600,stocks,MAINBOARD
Resources Gbl,QSD,20220310_091600,stocks,CATALIST
Resources Prima,5MM,20220310_091600,stocks,CATALIST
Revez,RCU,20220310_091600,stocks,CATALIST
Rex Intl,5WH,20220310_091600,stocks,MAINBOARD
RH PetroGas,T13,20220310_091600,stocks,MAINBOARD
RHT HealthTrust,RF1U,20220310_091600,businesstrusts,MAINBOARD
RHT HealthTrust,RF1U,20220310_091600,reits,MAINBOARD
Rich Capital,5G4,20220310_091600,stocks,CATALIST
Riverstone,AP4,20220310_091600,stocks,MAINBOARD
Roxy-Pacific,E8Z,20220310_091600,stocks,MAINBOARD
Ryobi Kiso,BDN,20220310_091600,stocks,MAINBOARD
S&P 3600MBePW220617,WNKW,20220310_091600,structuredwarrants,MAINBOARD
S&P 3800MBePW220318,98SW,20220310_091600,structuredwarrants,MAINBOARD
S&P 4000MBePW220617,XGHW,20220310_091600,structuredwarrants,MAINBOARD
S&P 4200MBePW220318,WSNW,20220310_091600,structuredwarrants,MAINBOARD
S&P 4800MBeCW220617,SDRW,20220310_091600,structuredwarrants,MAINBOARD
S&P 5000MBeCW220318,IENW,20220310_091600,structuredwarrants,MAINBOARD
S&P 5200MBeCW220617,XDUW,20220310_091600,structuredwarrants,MAINBOARD
S&P 5xLongSG250228,CUEW,20220310_091600,dlcertificates,MAINBOARD
S&P 5xLongSG250228A,CYAW,20220310_091600,dlcertificates,MAINBOARD
S&P 5xShortSG250228,CXBW,20220310_091600,dlcertificates,MAINBOARD
S&P 5xShortSG250228A,CZEW,20220310_091600,dlcertificates,MAINBOARD
Sabana Reit,M1GU,20220310_091600,reits,MAINBOARD
Sakae,5DO,20220310_091600,stocks,MAINBOARD
Samko Timber,E6R,20220310_091600,stocks,MAINBOARD
SamuderaShipping,S56,20220310_091600,stocks,MAINBOARD
Samurai 2K,Y8E,20220310_091600,stocks,CATALIST
Sands 5xLongSG221013,DKTW,20220310_091600,dlcertificates,MAINBOARD
Sands 5xShortSG230202,DZEW,20220310_091600,dlcertificates,MAINBOARD
Sands MB eCW220705,8H5W,20220310_091600,structuredwarrants,MAINBOARD
Sands MB ePW220705,KUCW,20220310_091600,structuredwarrants,MAINBOARD
Sanli Env,1E3,20220310_091600,stocks,CATALIST
Santak,580,20220310_091600,stocks,CATALIST
Sapphire,BRD,20220310_091600,stocks,MAINBOARD
Sarine Tech,U77,20220310_091600,stocks,MAINBOARD
Sasseur Reit,CRPU,20220310_091600,reits,MAINBOARD
SATS,S58,20220310_091600,stocks,MAINBOARD
SBI Offshore,5PL,20220310_091600,stocks,CATALIST
SBS Transit,S61,20220310_091600,stocks,MAINBOARD
Second Chance,528,20220310_091600,stocks,MAINBOARD
Secura,43B,20220310_091600,stocks,CATALIST
Sembcorp Ind,U96,20220310_091600,stocks,MAINBOARD
Sembcorp Marine,S51,20220310_091600,stocks,MAINBOARD
Sen Yue,5BS,20220310_091600,stocks,CATALIST
Serial System,S69,20220310_091600,stocks,MAINBOARD
Seroja Inv,IW5,20220310_091600,stocks,MAINBOARD
SGX,S68,20220310_091600,stocks,MAINBOARD
SGX 5xLongSG220630,DGRW,20220310_091600,dlcertificates,MAINBOARD
SGX 5xShortSG220630,DGSW,20220310_091600,dlcertificates,MAINBOARD
SGX 5xShortSG230420,DYKW,20220310_091600,dlcertificates,MAINBOARD
SGX MB eCW220704,NAHW,20220310_091600,structuredwarrants,MAINBOARD
SGX MB eCW221115,VSJW,20220310_091600,structuredwarrants,MAINBOARD
SGX MB ePW220704,RYKW,20220310_091600,structuredwarrants,MAINBOARD
Shanaya,SES,20220310_091600,stocks,CATALIST
Shanghai Turbo,AWM,20220310_091600,stocks,MAINBOARD
Shangri-La HKD,S07,20220310_091600,stocks,MAINBOARD
Shen Yao,A78,20220310_091600,stocks,CATALIST
Sheng Siong,OV8,20220310_091600,stocks,MAINBOARD
Shenshan^,BKV,20220310_091600,stocks,MAINBOARD
SHI ADR US$,K3DD,20220310_085950,adrs,GLOBAL_QUOTE
Shinvest,BJW,20220310_091600,stocks,MAINBOARD
SHKP 5xLongSG221208,DRGW,20220310_091600,dlcertificates,MAINBOARD
SHKP 5xShortSG221208,DPEW,20220310_091600,dlcertificates,MAINBOARD
Shopper360,1F0,20220310_091600,stocks,CATALIST
SHS,566,20220310_091600,stocks,MAINBOARD
SIA,C6L,20220310_091600,stocks,MAINBOARD
SIA 2020 MCBz300608#,WPOB,20220310_090946,retailbonds,MAINBOARD
SIA 2021 MCBz300608#,YQ7B,20220310_090946,retailbonds,MAINBOARD
SIA 3.03% 240328XB,SQ1B,20220310_090946,retailbonds,MAINBOARD
SIA 5xLongSG220630,DSIW,20220310_091600,dlcertificates,MAINBOARD
SIA 5xLongSG230420,DKKW,20220310_091600,dlcertificates,MAINBOARD
SIA 5xLongSG230713,DTGW,20220310_091600,dlcertificates,MAINBOARD
SIA 5xShortSG220328,DHJW,20220310_091600,dlcertificates,MAINBOARD
SIA 5xShortSG240306,DRBW,20220310_091600,dlcertificates,MAINBOARD
SIA Engineering,S59,20220310_091600,stocks,MAINBOARD
SIA MB eCW220915,EUUW,20220310_091600,structuredwarrants,MAINBOARD
SIIC Environment,BHK,20220310_091600,stocks,MAINBOARD
Silkroad Nickel,STP,20220310_091600,stocks,CATALIST
Silverlake Axis,5CP,20220310_091600,stocks,MAINBOARD
Sim Leisure,URR,20220310_091600,stocks,CATALIST
SiMSCI 5xLongSG230420,CVPW,20220310_091600,dlcertificates,MAINBOARD
SiMSCI 5xShortSG230420,CYTW,20220310_091600,dlcertificates,MAINBOARD
SiMSCI 7xLongSG230306,CVBW,20220310_091600,dlcertificates,MAINBOARD
SiMSCI 7xLongSG230404,CZAW,20220310_091600,dlcertificates,MAINBOARD
SiMSCI 7xShortSG230712,CZSW,20220310_091600,dlcertificates,MAINBOARD
SiMSCI 7xShortSG231215,CZDW,20220310_091600,dlcertificates,MAINBOARD
Sin Heng Mach,BKA,20220310_091600,stocks,MAINBOARD
Sinarmas Land,A26,20220310_091600,stocks,MAINBOARD
Sincap,5UN,20220310_091600,stocks,CATALIST
Sing Inv & Fin,S35,20220310_091600,stocks,MAINBOARD
Sing Paincare,FRQ,20220310_091600,stocks,CATALIST
Singapore O&G,1D8,20220310_091600,stocks,CATALIST
SingaporeKitchen,5WG,20220310_091600,stocks,CATALIST
SingaporeLandGrp,U06,20220310_091600,stocks,MAINBOARD
SingHoldings,5IC,20220310_091600,stocks,MAINBOARD
SingIndexFund,S45U,20220310_030916,others,MAINBOARD
SingMedical,5OT,20220310_091600,stocks,CATALIST
SingPost,S08,20220310_091600,stocks,MAINBOARD
SingShipping,S19,20220310_091600,stocks,MAINBOARD
Singtel,Z74,20220310_091600,stocks,MAINBOARD
Singtel 10,Z77,20220310_091600,stocks,MAINBOARD
Singtel 5xLongSG231214,DBYW,20220310_091600,dlcertificates,MAINBOARD
Singtel 5xShortSG230713,DKMW,20220310_091600,dlcertificates,MAINBOARD
SingtelMBeCW220915,ERKW,20220310_091600,structuredwarrants,MAINBOARD
Sinjia Land,5HH,20220310_091600,stocks,CATALIST
Sino Grandness,T4B,20220310_091600,stocks,MAINBOARD
SinoBio 5xLongSG231220,DKLW,20220310_091600,dlcertificates,MAINBOARD
SinoBio 5xShortSG231220,DHVW,20220310_091600,dlcertificates,MAINBOARD
SinoCloud,5EK,20220310_091600,stocks,CATALIST
Sinostar Pec,C9Q,20220310_091600,stocks,MAINBOARD
Sitra,5LE,20220310_091600,stocks,CATALIST
SLB Dev,1J0,20220310_091600,stocks,CATALIST
SMI Vantage^,Y45,20220310_091600,stocks,MAINBOARD
Smoore 5xLongSG220331,DTOW,20220310_091600,dlcertificates,MAINBOARD
Smoore 5xShortSG220316,DXNW,20220310_091600,dlcertificates,MAINBOARD
Soilbuild Const,S7P,20220310_091600,stocks,MAINBOARD
Soilbuild ConstW240729,SYYW,20220310_091600,companywarrants,MAINBOARD
Soon Lian,5MD,20220310_091600,stocks,CATALIST
Soup Restaurant,5KI,20220310_091600,stocks,MAINBOARD
Southern Pkg,BQP,20220310_091600,stocks,MAINBOARD
SouthernAlliance,QNS,20220310_091600,stocks,CATALIST
SP Corp,AWE,20220310_091600,stocks,MAINBOARD
Spackman,40E,20220310_091600,stocks,CATALIST
SPDR DJIA US$,D07,20220310_091600,etfs,MAINBOARD
SPDR S&P500 US$,S27,20220310_091600,etfs,MAINBOARD
SPH,T39,20220310_091600,stocks,MAINBOARD
SPHREIT,SK6U,20220310_091600,reits,MAINBOARD
Spindex Ind,564,20220310_091600,stocks,MAINBOARD
Spura Finance,S23,20220310_091600,stocks,MAINBOARD
Sri Trang Agro,NC2,20220310_091600,stocks,MAINBOARD
Sri Trang Gloves,STG,20220310_091600,stocks,MAINBOARD
ST Engineering,S63,20220310_091600,stocks,MAINBOARD
ST Group Food,DRX,20220310_091600,stocks,CATALIST
Stamford Land,H07,20220310_091600,stocks,MAINBOARD
Stamford Tyres,S29,20220310_091600,stocks,MAINBOARD
Starburst,40D,20220310_091600,stocks,CATALIST
StarhillGbl Reit,P40U,20220310_091600,reits,MAINBOARD
StarHub,CC3,20220310_091600,stocks,MAINBOARD
STI 2850MBePW220428,XNMW,20220310_091600,structuredwarrants,MAINBOARD
STI 3050MBePW220428,YTCW,20220310_091600,structuredwarrants,MAINBOARD
STI 3100MBeCW220428,MWLW,20220310_091600,structuredwarrants,MAINBOARD
STI 3300MBeCW220428,XHDW,20220310_091600,structuredwarrants,MAINBOARD
STI ETF,ES3,20220310_091600,etfs,MAINBOARD
Straco,S85,20220310_091600,stocks,MAINBOARD
Straits Trading,S20,20220310_091600,stocks,MAINBOARD
SunMoonFood,AAJ,20220310_091600,stocks,MAINBOARD
Sunny 5xLongSG220630,DSNW,20220310_091600,dlcertificates,MAINBOARD
Sunny 5xLongSG230920,DSDW,20220310_091600,dlcertificates,MAINBOARD
Sunny 5xShortSG220621,DAHW,20220310_091600,dlcertificates,MAINBOARD
Sunny 5xShortSG220630,DSVW,20220310_091600,dlcertificates,MAINBOARD
Sunny 5xShortSG221201,DAEW,20220310_091600,dlcertificates,MAINBOARD
Sunny 5xShortSG221215,DEBW,20220310_091600,dlcertificates,MAINBOARD
Sunny 5xShortSG230825,DFSW,20220310_091600,dlcertificates,MAINBOARD
Sunny 5xShortSG231214,DSTW,20220310_091600,dlcertificates,MAINBOARD
Sunpower,5GD,20220310_091600,stocks,MAINBOARD
Sunright,S71,20220310_091600,stocks,MAINBOARD
Sunrise Shares,581,20220310_091600,stocks,CATALIST
Suntar Eco-City,BKZ,20220310_091600,stocks,MAINBOARD
Suntec Reit,T82U,20220310_091600,reits,MAINBOARD
SUTL Enterprise,BHU,20220310_091600,stocks,MAINBOARD
Swiber,BGK,20220310_091600,stocks,MAINBOARD
Swing Media Tech,BEV,20220310_091600,stocks,MAINBOARD
Swissco Hldg,ADP,20220310_091600,stocks,MAINBOARD
Sysma,5UO,20220310_091600,stocks,CATALIST
TA,PA3,20220310_091600,stocks,MAINBOARD
TA W220520,CGOW,20220310_091600,companywarrants,MAINBOARD
Tai Sin Electric,500,20220310_091600,stocks,MAINBOARD
Taka Jewellery,42L,20220310_091600,stocks,CATALIST
TalkMed,5G3,20220310_091600,stocks,CATALIST
Tat Seng Pkg,T12,20220310_091600,stocks,MAINBOARD
TC Auto,VI2,20220310_091600,stocks,CATALIST
TCIL HK$,T15,20220310_091600,stocks,GLOBAL_QUOTE
TEE Intl,M1Z,20220310_091600,stocks,MAINBOARD
Teho Intl,5OQ,20220310_091600,stocks,CATALIST
TeleChoice Intl,T41,20220310_091600,stocks,MAINBOARD
Temasek 1.8% 261124XB#,TEMB,20220310_084957,retailbonds,MAINBOARD
Temasek 2.7% 231025XB#,TEKB,20220310_085125,retailbonds,MAINBOARD
Tencent 5xLongSG220318,DSBW,20220310_091600,dlcertificates,MAINBOARD
Tencent 5xLongSG220808,DDLW,20220310_091600,dlcertificates,MAINBOARD
Tencent 5xLongSG231214,DIHW,20220310_091600,dlcertificates,MAINBOARD
Tencent 5xLongUB241231,TSGW,20220310_091600,dlcertificates,MAINBOARD
Tencent 5xShortSG230202,DTCW,20220310_091600,dlcertificates,MAINBOARD
Tencent 5xShortSG230712,DTSW,20220310_091600,dlcertificates,MAINBOARD
Tencent 5xShortSG231214,DMIW,20220310_091600,dlcertificates,MAINBOARD
Tencent 5xShortUB241231,TYTW,20220310_091600,dlcertificates,MAINBOARD
TencentMBeCW220705,QPAW,20220310_091600,structuredwarrants,MAINBOARD
TencentMBePW220705,GAPW,20220310_091600,structuredwarrants,MAINBOARD
ThaiBev,Y92,20220310_091600,stocks,MAINBOARD
ThaiBev 5xLongSG231115,QAHW,20220310_091600,dlcertificates,MAINBOARD
ThaiBev 5xShortSG231115,ELTW,20220310_091600,dlcertificates,MAINBOARD
Thakral,AWI,20220310_091600,stocks,MAINBOARD
The Place Hldg,E27,20220310_091600,stocks,MAINBOARD
TheHourGlass,AGS,20220310_091600,stocks,MAINBOARD
Thomson M W220424,GNLW,20220310_091600,companywarrants,MAINBOARD
Thomson Medical,A50,20220310_091600,stocks,MAINBOARD
Tianjin ZX USD,T14,20220310_091600,stocks,MAINBOARD
TIH,T55,20220310_091600,stocks,MAINBOARD
Tiong Seng,BFI,20220310_091600,stocks,MAINBOARD
Tiong Woon,BQM,20220310_091600,stocks,MAINBOARD
TM ADR US$,N6FD,20220309_230034,adrs,GLOBAL_QUOTE
Top Glove,BVA,20220310_091600,stocks,MAINBOARD
Top Glove MB eCW220831,YKMW,20220310_091600,structuredwarrants,MAINBOARD
Top Glove MB eCW220930,QZBW,20220310_091600,structuredwarrants,MAINBOARD
Tosei,S2D,20220310_091600,stocks,MAINBOARD
Totm Tech,42F,20220310_091600,stocks,CATALIST
Transit Concrete,570,20220310_091600,stocks,MAINBOARD
Travelite,BCZ,20220310_091600,stocks,MAINBOARD
Trek 2000 Intl,5AB,20220310_091600,stocks,MAINBOARD
Trendlines,42T,20220310_091600,stocks,CATALIST
TrickleStar,CYW,20220310_091600,stocks,CATALIST
TRIP ADR US$+,K3RD,20220309_230034,adrs,GLOBAL_QUOTE
Tritech,5G9,20220310_091600,stocks,CATALIST
Triyards,RC5,20220310_091600,stocks,MAINBOARD
TSH,KUH,20220310_091600,stocks,CATALIST
TT Intl,T09,20220310_091600,stocks,MAINBOARD
TTJ,K1Q,20220310_091600,stocks,MAINBOARD
Tuan Sing,T24,20220310_091600,stocks,MAINBOARD
Tung Lok Rest,540,20220310_091600,stocks,CATALIST
Tye Soon,BFU,20220310_091600,stocks,MAINBOARD
UETF SSE50China,JK8,20220310_091600,etfs,MAINBOARD
UGHealthcare,8K7,20220310_091600,stocks,CATALIST
UMS,558,20220310_091600,stocks,MAINBOARD
Uni-Asia Grp,CHJ,20220310_091600,stocks,MAINBOARD
Union Gas,1F2,20220310_091600,stocks,MAINBOARD
Union Steel,BLA,20220310_091600,stocks,MAINBOARD
United Food^,AZR,20220310_091600,stocks,MAINBOARD
Universal Res,BGO,20220310_091600,stocks,MAINBOARD
UnUsUaL,1D1,20220310_091600,stocks,CATALIST
UOA,EH5,20220310_091600,stocks,MAINBOARD
UOB,U11,20220310_091600,stocks,MAINBOARD
UOB 5xLongSG230713,DHBW,20220310_091600,dlcertificates,MAINBOARD
UOB 5xLongSG240306,DOGW,20220310_091600,dlcertificates,MAINBOARD
UOB 5xShortSG221201,DEZW,20220310_091600,dlcertificates,MAINBOARD
UOB 5xShortSG240306,DSMW,20220310_091600,dlcertificates,MAINBOARD
UOB AP GRN REIT S$,GRN,20220310_091600,etfs,MAINBOARD
UOB AP GRN REIT US$,GRE,20220310_091600,etfs,MAINBOARD
UOB Kay Hian,U10,20220310_091600,stocks,MAINBOARD
UOB MB eCW220328,UYUW,20220310_091600,structuredwarrants,MAINBOARD
UOB MB eCW220627,9RMW,20220310_091600,structuredwarrants,MAINBOARD
UOB MB eCW220701,RVVW,20220310_091600,structuredwarrants,MAINBOARD
UOB MB eCW220704,OSSW,20220310_091600,structuredwarrants,MAINBOARD
UOB MB eCW221028,9F4W,20220310_091600,structuredwarrants,MAINBOARD
UOB MB ePW220331,V0ZW,20220310_091600,structuredwarrants,MAINBOARD
UOB MB ePW220701,XGYW,20220310_091600,structuredwarrants,MAINBOARD
UOB MB ePW220704,FYAW,20220310_091600,structuredwarrants,MAINBOARD
UOB MB ePW221101,TFLW,20220310_091600,structuredwarrants,MAINBOARD
UOI,U13,20220310_091600,stocks,MAINBOARD
UOL,U14,20220310_091600,stocks,MAINBOARD
USP Group^,BRS,20220310_091600,stocks,MAINBOARD
UtdHampshReitUSD,ODBU,20220310_091600,reits,MAINBOARD
V2Y Corp,V2Y,20220310_091600,stocks,CATALIST
Vallianz,WPC,20220310_091600,stocks,CATALIST
ValueMax,T6I,20220310_091600,stocks,MAINBOARD
Valuetronics,BN2,20220310_091600,stocks,MAINBOARD
VCPlus,43E,20220310_091600,stocks,CATALIST
Venture,V03,20220310_091600,stocks,MAINBOARD
Venture 5xLongSG230713,DBHW,20220310_091600,dlcertificates,MAINBOARD
Venture 5xShortSG220422,DABW,20220310_091600,dlcertificates,MAINBOARD
Venture 5xShortSG230920,DVCW,20220310_091600,dlcertificates,MAINBOARD
Versalink,40N,20220310_091600,stocks,CATALIST
Vertex SPAC,VT1,20220310_091600,stocks,MAINBOARD
Vertex SPAC U,VTA,20220309_091600,stocks,MAINBOARD
Vertex SPAC W291231,VT2W,20220310_091600,companywarrants,MAINBOARD
Vibrant Group,BIP,20220310_091600,stocks,MAINBOARD
VibroPower,BJD,20220310_091600,stocks,MAINBOARD
VibroPower W250116,PBSW,20220310_091600,companywarrants,MAINBOARD
VICOM Ltd,WJP,20220310_091600,stocks,MAINBOARD
Vicplas Intl,569,20220310_091600,stocks,MAINBOARD
VikingOffshore,1Y1,20220310_091600,stocks,CATALIST
VikingW220701,KZHW,20220310_091600,companywarrants,CATALIST
Vividthree,OMK,20220310_091600,stocks,CATALIST
Wee Hur,E3B,20220310_091600,stocks,MAINBOARD
White Orchid Fund S,BBT,20220309_230034,others,MAINBOARD
Willas-Array,BDR,20220310_091600,stocks,MAINBOARD
Wilmar 5xLongSG240306,DPBW,20220310_091600,dlcertificates,MAINBOARD
Wilmar 5xShortSG221201,DDBW,20220310_091600,dlcertificates,MAINBOARD
Wilmar 5xShortSG230825,DHGW,20220310_091600,dlcertificates,MAINBOARD
Wilmar Intl,F34,20220310_091600,stocks,MAINBOARD
Wilmar MB eCW220615,VBBW,20220310_091600,structuredwarrants,MAINBOARD
Wilmar MB eCW221014,GVVW,20220310_091600,structuredwarrants,MAINBOARD
Wilton Resources,5F7,20220310_091600,stocks,CATALIST
Wing Tai,W05,20220310_091600,stocks,MAINBOARD
Wong Fong Ind,1A1,20220310_091600,stocks,CATALIST
World Precision,B49,20220310_091600,stocks,MAINBOARD
WuxiBio 5xLongSG230215,DSFW,20220310_091600,dlcertificates,MAINBOARD
WuxiBio 5xShortSG221020,DWDW,20220310_091600,dlcertificates,MAINBOARD
Xiaomi 5xLongSG220323,DFQW,20220310_091600,dlcertificates,MAINBOARD
Xiaomi 5xLongSG220705,DTQW,20220310_091600,dlcertificates,MAINBOARD
Xiaomi 5xLongSG221215,DJIW,20220310_091600,dlcertificates,MAINBOARD
Xiaomi 5xLongSG230712,DXLW,20220310_091600,dlcertificates,MAINBOARD
Xiaomi 5xShortSG220705,DCCW,20220310_091600,dlcertificates,MAINBOARD
Xiaomi 5xShortSG230712,DXSW,20220310_091600,dlcertificates,MAINBOARD
Xiaomi 5xShortSG230907,DXBW,20220310_091600,dlcertificates,MAINBOARD
Xiaomi 5xShortSG231214,DSOW,20220310_091600,dlcertificates,MAINBOARD
XIAOMI MBeCW220404,XHRW,20220310_091600,structuredwarrants,MAINBOARD
XIAOMI MBeCW220602,MPNW,20220310_091600,structuredwarrants,MAINBOARD
XIAOMI MBeCW221004,X5IW,20220310_091600,structuredwarrants,MAINBOARD
XIAOMI MBePW220602,X3UW,20220310_091600,structuredwarrants,MAINBOARD
XIAOMI MBePW221004,FCCW,20220310_091600,structuredwarrants,MAINBOARD
XinyiSolar MB eCW220705,MVYW,20220310_091600,structuredwarrants,MAINBOARD
XMH^,BQF,20220310_091600,stocks,MAINBOARD
XPeng 5xLongSG221223,DXKW,20220310_091600,dlcertificates,MAINBOARD
XPeng 5xShortSG221223,DSJW,20220310_091600,dlcertificates,MAINBOARD
XT MS SING US$,O9A,20220310_091600,etfs,MAINBOARD
XT MSCHINA S$,TID,20220310_091600,etfs,MAINBOARD
XT MSCHINA US$,LG9,20220310_091600,etfs,MAINBOARD
XT MSINDO US$,KJ7,20220310_091600,etfs,MAINBOARD
XT SingGovBond SG$,KV4,20220310_091600,etfs,MAINBOARD
XT Vietnam US$,HD9,20220310_091600,etfs,MAINBOARD
Y Ventures,1F1,20220310_091600,stocks,CATALIST
Yamada Green Res,BJV,20220310_091600,stocks,MAINBOARD
Yangi EURO S,R8P,20220309_230034,others,MAINBOARD
YangzijiMBeCW220315,GGOW,20220310_091600,structuredwarrants,MAINBOARD
YangzijiMBeCW221004,VXMW,20220310_091600,structuredwarrants,MAINBOARD
Yanlord Land,Z25,20220310_091600,stocks,MAINBOARD
Yeo Hiap Seng,Y03,20220310_091600,stocks,MAINBOARD
YHI Intl,BPF,20220310_091600,stocks,MAINBOARD
Ying Li Intl,5DM,20220310_091600,stocks,MAINBOARD
Yoma Strategic,Z59,20220310_091600,stocks,MAINBOARD
Yongmao,BKX,20220310_091600,stocks,MAINBOARD
Yongnam,AXB,20220310_091600,stocks,MAINBOARD
Yunnan Energy,T43,20220310_091600,stocks,MAINBOARD
YuuZoo Networks,AFC,20220310_091600,stocks,MAINBOARD
YZJ 5xLongSG231115,X1KW,20220310_091600,dlcertificates,MAINBOARD
YZJ 5xShortSG231115,5YCW,20220310_091600,dlcertificates,MAINBOARD
YZJ Shipbldg CNY,SO7,20220310_091600,stocks,MAINBOARD
YZJ Shipbldg SGD,BS6,20220310_091600,stocks,MAINBOARD
Zheneng Jinjiang,BWM,20220310_091600,stocks,MAINBOARD
Zhongmin Baihui,5SR,20220310_091600,stocks,MAINBOARD
Zhongxin Fruit,5EG,20220310_091600,stocks,CATALIST
ZICO Hldgs,40W,20220310_091600,stocks,CATALIST
ZNH ADR US$,K3TD,20220309_230034,adrs,GLOBAL_QUOTE