company_name,company_code,trading_time,type,listing_board,Name
2ndChance W230308,ZFSW,20220310_091600,companywarrants,MAINBOARD,0
3Cnergy,502,20220310_091600,stocks,CATALIST,502
8Telecom,AZG,20220310_091600,stocks,MAINBOARD,0
A-Smart,BQC,20220310_091600,stocks,MAINBOARD,BQC
A-Sonic Aero W220408^,8YMW,20220310_091600,companywarrants,MAINBOARD,0
A-Sonic Aero^,BTJ,20220310_091600,stocks,MAINBOARD,BTJ
AAC 5xLongSG220630,DALW,20220310_091600,dlcertificates,MAINBOARD,0
AAC 5xLongSG230331,DAFW,20220310_091600,dlcertificates,MAINBOARD,0
AAC 5xLongSG231214,DATW,20220310_091600,dlcertificates,MAINBOARD,0
AAC 5xLongSG240201,DKAW,20220310_091600,dlcertificates,MAINBOARD,0
AAC 5xShortSG220621,DBGW,20220310_091600,dlcertificates,MAINBOARD,0
AAC 5xShortSG220630,DASW,20220310_091600,dlcertificates,MAINBOARD,0
AAC 5xShortSG221201,DYDW,20220310_091600,dlcertificates,MAINBOARD,0
AAC 5xShortSG230825,DWTW,20220310_091600,dlcertificates,MAINBOARD,0
ABF SG BOND ETF,A35,20220310_091600,etfs,MAINBOARD,A35
ABR,533,20220310_091600,stocks,MAINBOARD,533
Abterra^,L5I,20220310_091600,stocks,MAINBOARD,L5I
Abundance Intl,541,20220310_091600,stocks,CATALIST,541
Accrelist Ltd,QZG,20220310_091600,stocks,CATALIST,QZG
Ace Achieve Info,A75,20220310_091600,stocks,MAINBOARD,A75
Acesian Partners,5FW,20220310_091600,stocks,CATALIST,5FW
ACH ADR US$,K3HD,20220310_085950,adrs,GLOBAL_QUOTE,K3HD
Acma,AYV,20220310_091600,stocks,MAINBOARD,AYV
AcroMeta,43F,20220310_091600,stocks,CATALIST,43F
Addvalue Tech,A31,20220310_091600,stocks,MAINBOARD,A31
Advanced,BLZ,20220310_091600,stocks,CATALIST,BLZ
Advanced Systems,5TY,20220310_091600,stocks,CATALIST,5TY
Advancer Global,43Q,20220310_091600,stocks,CATALIST,43Q
Adventus,5EF,20220310_091600,stocks,CATALIST,5EF
Aedge Group,XVG,20220310_091600,stocks,CATALIST,XVG
AEM SGD,AWX,20220310_091600,stocks,MAINBOARD,AWX
AEM USD,XWA,20220310_091600,stocks,MAINBOARD,XWA
AF Global,L38,20220310_091600,stocks,MAINBOARD,L38
AGV,1A4,20220310_091600,stocks,CATALIST,1A4
AIA 5xLongSG241213,DWGW,20220310_091600,dlcertificates,MAINBOARD,0
AIA 5xShortSG240125,DUXW,20220310_091600,dlcertificates,MAINBOARD,0
AIMS APAC Reit,O5RU,20220310_091600,reits,MAINBOARD,O5RU
AIMS Property,BVP,20220310_005459,others,MAINBOARD,BVP
AIMS Property,BVP,20220310_005459,others,MAINBOARD,BVP
AIMS Property,BVP,20220310_091600,stocks,MAINBOARD,BVP
AIMS Property,BVP,20220310_091600,stocks,MAINBOARD,BVP
Alibaba 5xLongSG220608,DGFW,20220310_091600,dlcertificates,MAINBOARD,0
Alibaba 5xLongSG230627,DMBW,20220310_091600,dlcertificates,MAINBOARD,0
Alibaba 5xLongSG230627A,DNFW,20220310_091600,dlcertificates,MAINBOARD,0
Alibaba 5xLongSG231214,DVIW,20220310_091600,dlcertificates,MAINBOARD,0
Alibaba 5xLongUB241231,WA9W,20220310_091600,dlcertificates,MAINBOARD,0
Alibaba 5xShortSG230202,DAGW,20220310_091600,dlcertificates,MAINBOARD,0
Alibaba 5xShortSG230627,DCMW,20220310_091600,dlcertificates,MAINBOARD,0
Alibaba 5xShortSG230627A,DWNW,20220310_091600,dlcertificates,MAINBOARD,0
Alibaba 5xShortSG231214,DCIW,20220310_091600,dlcertificates,MAINBOARD,0
Alibaba 5xShortUB241231,JQYW,20220310_091600,dlcertificates,MAINBOARD,0
Alibaba MB eCW220404,THVW,20220310_091600,structuredwarrants,MAINBOARD,0
Alibaba MB eCW220705,9BXW,20220310_091600,structuredwarrants,MAINBOARD,0
Alibaba MB ePW220404,LBHW,20220310_091600,structuredwarrants,MAINBOARD,0
Alibaba MB ePW220705,YQOW,20220310_091600,structuredwarrants,MAINBOARD,0
ALIHLTH 5xLongSG220323,DUQW,20220310_091600,dlcertificates,MAINBOARD,0
ALIHLTH 5xLongSG231012,DXZW,20220310_091600,dlcertificates,MAINBOARD,0
ALIHLTH 5xShortSG231012,DYMW,20220310_091600,dlcertificates,MAINBOARD,0
Alita Resources,40F,20220310_091600,stocks,CATALIST,40F
Alliance HC,MIJ,20220310_091600,stocks,CATALIST,MIJ
Allied Tech,A13,20220310_091600,stocks,CATALIST,0
AlphaDX,VVL,20220310_091600,stocks,CATALIST,VVL
Alpina Holdings,ZXY,20220310_091600,stocks,CATALIST,ZXY
Alset,40V,20220310_091600,stocks,CATALIST,40V
Amara,A34,20220310_091600,stocks,MAINBOARD,A34
Amcorp Global,S9B,20220310_091600,stocks,MAINBOARD,S9B
AMOS Group,49B,20220310_091600,stocks,MAINBOARD,49B
Amplefield Ltd,AOF,20220310_091600,stocks,CATALIST,AOF
Amplefield Ltd W221218,1G7W,20220310_091600,companywarrants,CATALIST,1G7W
AMTD IB OV,HKB,20220310_091600,stocks,MAINBOARD,HKB
AnAn Intl,Y35,20220310_091600,stocks,MAINBOARD,Y35
Anchun Intl,BTX,20220310_091600,stocks,MAINBOARD,BTX
AnnAik,A52,20220310_091600,stocks,CATALIST,A52
AnnAik W241009,VAIW,20220310_091600,companywarrants,CATALIST,0
Annica,5AL,20220310_091600,stocks,CATALIST,5AL
ANTA 5xLongSG231019,DZDW,20220310_091600,dlcertificates,MAINBOARD,0
ANTA 5xShortSG231019,DXGW,20220310_091600,dlcertificates,MAINBOARD,0
Aoxin Q & M,1D4,20220310_091600,stocks,CATALIST,1D4
AP Oil,5AU,20220310_091600,stocks,MAINBOARD,5AU
AP Strat W230130,1H7W,20220310_091600,companywarrants,CATALIST,1H7W
AP Strat W230726,FIAW,20220310_091600,companywarrants,CATALIST,FIAW
AP Strategic,5RA,20220310_091600,stocks,CATALIST,5RA
APAC Realty,CLN,20220310_091600,stocks,MAINBOARD,CLN
ARA HTrust USD,XZL,20220310_091600,businesstrusts,MAINBOARD,XZL
ARA LOGOS Log Tr,K2LU,20220310_091600,reits,MAINBOARD,K2LU
AREIT 5xLongSG221208,DXAW,20220310_091600,dlcertificates,MAINBOARD,0
AREIT 5xLongSG230404,DQAW,20220310_091600,dlcertificates,MAINBOARD,0
AREIT 5xShortSG221208,DGBW,20220310_091600,dlcertificates,MAINBOARD,0
AREIT 5xShortSG231214,DGEW,20220310_091600,dlcertificates,MAINBOARD,0
Arion Ent,YYB,20220310_091600,stocks,CATALIST,YYB
Ascendas Reit,A17U,20220310_091600,reits,MAINBOARD,A17U
Ascendas-iTrust,CY6U,20220310_091600,businesstrusts,MAINBOARD,CY6U
AscendasReit MBeCW220315,FDPW,20220310_091600,structuredwarrants,MAINBOARD,0
AscendasReit MBeCW221101,HHKW,20220310_091600,structuredwarrants,MAINBOARD,0
Ascent Bridge^,AWG,20220310_091600,stocks,MAINBOARD,AWG
Ascott Trust,HMN,20220310_091600,businesstrusts,MAINBOARD,HMN
Asia Enterprises,A55,20220310_091600,stocks,MAINBOARD,A55
Asia Vets,5RE,20220310_091600,stocks,CATALIST,5RE
AsiaMedic,505,20220310_091600,stocks,CATALIST,505
Asian Healthcare,1J3,20220310_091600,stocks,CATALIST,1J3
Asian Micro,585,20220310_091600,stocks,CATALIST,585
Asian Pay Tv Tr,S7OU,20220310_091600,businesstrusts,MAINBOARD,S7OU
AsiaPhos,5WV,20220310_091600,stocks,CATALIST,5WV
Asiatic,5CR,20220310_091600,stocks,CATALIST,5CR
Asiatravel.com,5AM,20220310_091600,stocks,CATALIST,5AM
ASL M W240723^,WG2W,20220310_091600,companywarrants,MAINBOARD,0
ASL Marine^,A04,20220310_091600,stocks,MAINBOARD,A04
Aspen,1F3,20220310_091600,stocks,MAINBOARD,1F3
Aspial,A30,20220310_091600,stocks,MAINBOARD,A30
Astaka,42S,20220310_091600,stocks,CATALIST,42S
ASTI^,575,20220310_091600,stocks,MAINBOARD,575
Astrea IV4.35%B280614#,RMRB,20220310_084100,retailbonds,MAINBOARD,0
Astrea V3.85%B290620#,5A1B,20220310_084804,retailbonds,MAINBOARD,0
Astrea VI3%B310318#,6AZB,20220310_085950,retailbonds,MAINBOARD,0
Atlantic Nav,5UL,20220310_091600,stocks,CATALIST,5UL
Audience,1AZ,20220310_091600,stocks,CATALIST,1AZ
AusGroup,5GJ,20220310_091600,stocks,MAINBOARD,5GJ
Avarga,U09,20220310_091600,stocks,MAINBOARD,U09
Avi-Tech Hldg,1R6,20220310_091600,stocks,MAINBOARD,1R6
AVJennings A$,A05,20220310_091600,stocks,GLOBAL_QUOTE,A05
Axington,42U,20220310_091600,stocks,CATALIST,42U
Axington R,IXOR,20220310_091600,stocks,CATALIST,0
Axington R,IXOR,20220309_230034,others,CATALIST,0
Axington R1,QPQR,20220309_230034,others,CATALIST,0
Axington R1,QPQR,20220310_091600,stocks,CATALIST,0
Azeus,BBW,20220310_091600,stocks,MAINBOARD,BBW
Aztech Gbl,8AZ,20220310_091600,stocks,MAINBOARD,8AZ
B&M Hldg,CJN,20220310_091600,stocks,MAINBOARD,CJN
Baidu 5xLongSG220511,DBDW,20220310_091600,dlcertificates,MAINBOARD,0
Baidu 5xShortSG220511,DBFW,20220310_091600,dlcertificates,MAINBOARD,0
Baidu MB eCW220404,WS5W,20220310_091600,structuredwarrants,MAINBOARD,0
Baidu MB ePW220404,WDIW,20220310_091600,structuredwarrants,MAINBOARD,0
Baker Technology,BTP,20220310_091600,stocks,MAINBOARD,BTP
Ban Leong,B26,20220310_091600,stocks,MAINBOARD,B26
Banyan Tree,B58,20220310_091600,stocks,MAINBOARD,B58
BanyanTree cb7.5%220806#,YSUB,20220310_085723,retailbonds,MAINBOARD,0
BBR,KJ5,20220310_091600,stocks,MAINBOARD,KJ5
Beng Kuang,BEZ,20220310_091600,stocks,MAINBOARD,BEZ
Best World,CGN,20220310_091600,stocks,MAINBOARD,0
Beverly JCG,VFP,20220310_091600,stocks,CATALIST,VFP
Beverly JCG W240531,WZ2W,20220310_091600,companywarrants,CATALIST,0
BH Global,BQN,20220310_091600,stocks,MAINBOARD,BQN
BHG Retail Reit,BMGU,20220310_091600,reits,MAINBOARD,BMGU
BIDU ADR US$+,K3SD,20220309_230034,adrs,GLOBAL_QUOTE,K3SD
Bilibili 5xLongSG221223,DTXW,20220310_091600,dlcertificates,MAINBOARD,0
Bilibili 5xShortSG221223,DJKW,20220310_091600,dlcertificates,MAINBOARD,0
Biolidics,8YY,20220310_091600,stocks,CATALIST,8YY
BlackGoldNatural,41H,20220310_091600,stocks,CATALIST,41H
Blumont,A33,20220310_091600,stocks,MAINBOARD,A33
Boldtek,5VI,20220310_091600,stocks,CATALIST,5VI
Bonvests,B28,20220310_091600,stocks,MAINBOARD,B28
Boustead,F9D,20220310_091600,stocks,MAINBOARD,F9D
Boustead Proj,AVM,20220310_091600,stocks,MAINBOARD,AVM
BRC Asia,BEC,20220310_091600,stocks,MAINBOARD,BEC
Broadway Ind,B69,20220310_091600,stocks,MAINBOARD,B69
Brook Crompton,AWC,20220310_091600,stocks,MAINBOARD,AWC
Bukit Sembawang,B61,20220310_091600,stocks,MAINBOARD,B61
Bumitama Agri,P8Z,20220310_091600,stocks,MAINBOARD,P8Z
Bund Center,BTE,20220310_091600,stocks,MAINBOARD,BTE
BYD 5xLongSG220315,DJFW,20220310_091600,dlcertificates,MAINBOARD,0
BYD 5xLongSG230202,DLCW,20220310_091600,dlcertificates,MAINBOARD,0
BYD 5xLongSG231012,DINW,20220310_091600,dlcertificates,MAINBOARD,0
BYD 5xLongUB241231,QFYW,20220310_091600,dlcertificates,MAINBOARD,0
BYD 5xShortSG221115,MHLW,20220310_091600,dlcertificates,MAINBOARD,0
BYD 5xShortSG230202,DZWW,20220310_091600,dlcertificates,MAINBOARD,0
BYD 5xShortSG231012,DFYW,20220310_091600,dlcertificates,MAINBOARD,0
BYD 5xShortSG231214,DTHW,20220310_091600,dlcertificates,MAINBOARD,0
BYD 5xShortUB241231,VJLW,20220310_091600,dlcertificates,MAINBOARD,0
BYD MB eCW221004,XJ6W,20220310_091600,structuredwarrants,MAINBOARD,0
BYD MB ePW220404,LGDW,20220310_091600,structuredwarrants,MAINBOARD,0
BYD MB ePW221004,ZJVW,20220310_091600,structuredwarrants,MAINBOARD,0
BYDElec 5xLongSG220608,DUOW,20220310_091600,dlcertificates,MAINBOARD,0
BYDElec 5xLongSG221013,DDXW,20220310_091600,dlcertificates,MAINBOARD,0
BYDElec 5xLongSG231220,DVHW,20220310_091600,dlcertificates,MAINBOARD,0
BYDElec 5xShortSG220608,DGPW,20220310_091600,dlcertificates,MAINBOARD,0
BYDElec 5xShortSG221013,DGXW,20220310_091600,dlcertificates,MAINBOARD,0
Camsing Hc,BAC,20220310_091600,stocks,MAINBOARD,0
CapAllianz,594,20220310_091600,stocks,CATALIST,594
CapAllianz W221213,1G5W,20220310_091600,companywarrants,CATALIST,1G5W
CapInv 5xLongSG231115,NXEW,20220310_091600,dlcertificates,MAINBOARD,0
CapInv 5xShortSG231115,REVW,20220310_091600,dlcertificates,MAINBOARD,0
Capital World,1D5,20220310_091600,stocks,CATALIST,1D5
CapitaLandInvest,9CI,20220310_091600,stocks,MAINBOARD,9CI
CapitalandInvMBeCW220330,UYXW,20220310_091600,structuredwarrants,MAINBOARD,0
CapitalandInvMBeCW221028,IUEW,20220310_091600,structuredwarrants,MAINBOARD,0
CapLand China T,AU8U,20220310_091600,reits,MAINBOARD,AU8U
CapLand IntCom T,C38U,20220310_091600,reits,MAINBOARD,C38U
Captii,AWV,20220310_091600,stocks,MAINBOARD,AWV
Casa,C04,20220310_091600,stocks,MAINBOARD,C04
CCB 5xLongSG240807,DWCW,20220310_091600,dlcertificates,MAINBOARD,0
CCB 5xShortSG231214,DZYW,20220310_091600,dlcertificates,MAINBOARD,0
CDL HTrust,J85,20220310_091600,businesstrusts,MAINBOARD,J85
CDW,BXE,20220310_091600,stocks,MAINBOARD,BXE
CEA ADR US$,K3CD,20220309_230034,adrs,GLOBAL_QUOTE,K3CD
Centurion,OU8,20220310_091600,stocks,MAINBOARD,OU8
CFM,5EB,20220310_091600,stocks,CATALIST,5EB
CH Offshore,C13,20220310_091600,stocks,MAINBOARD,C13
Challenger,573,20220310_091600,stocks,MAINBOARD,573
Charisma Energy,5QT,20220310_091600,stocks,CATALIST,5QT
Chasen,5NV,20220310_091600,stocks,MAINBOARD,5NV
ChasWood Res,5TW,20220310_091600,stocks,CATALIST,5TW
Chemical Ind,C05,20220310_091600,stocks,MAINBOARD,C05
China Aviation,G92,20220310_091600,stocks,MAINBOARD,G92
China Env,5OU,20220310_091600,stocks,MAINBOARD,5OU
China Env Res,RS1,20220310_091600,stocks,MAINBOARD,RS1
China Everbright,U9E,20220310_091600,stocks,MAINBOARD,U9E
China Fishery,B0Z,20220310_091600,stocks,MAINBOARD,B0Z
China Haida,C92,20220310_091600,stocks,MAINBOARD,C92
China Intl,BEH,20220310_091600,stocks,MAINBOARD,BEH
China Mining,BHD,20220310_091600,stocks,MAINBOARD,BHD
China Star Food,42W,20220310_091600,stocks,CATALIST,42W
China Yuanbang,BCD,20220310_091600,stocks,MAINBOARD,BCD
ChinaKangdaFood,P74,20220310_091600,stocks,MAINBOARD,P74
ChinaKundaTech,GU5,20220310_091600,stocks,CATALIST,GU5
ChinaSunsine,QES,20220310_091600,stocks,MAINBOARD,QES
Chip Eng Seng,C29,20220310_091600,stocks,MAINBOARD,C29
Choo Chiang,42E,20220310_091600,stocks,CATALIST,42E
Chuan Hup,C33,20220310_091600,stocks,MAINBOARD,C33
CityDev,C09,20220310_091600,stocks,MAINBOARD,C09
CityDev 5xLongSG220331,DQIW,20220310_091600,dlcertificates,MAINBOARD,0
CityDev 5xLongSG220630,DCLW,20220310_091600,dlcertificates,MAINBOARD,0
CityDev 5xLongSG230404,DEUW,20220310_091600,dlcertificates,MAINBOARD,0
CityDev 5xShortSG220630,DCSW,20220310_091600,dlcertificates,MAINBOARD,0
CityDev 5xShortSG231214,DXIW,20220310_091600,dlcertificates,MAINBOARD,0
CityDev MB eCW220315,YVWW,20220310_091600,structuredwarrants,MAINBOARD,0
CityDev MB eCW220701,MCAW,20220310_091600,structuredwarrants,MAINBOARD,0
CITYDEV NCCPS,C70,20220310_090619,retailpreferenceshares,MAINBOARD,C70
Civmec,P9D,20220310_091600,stocks,MAINBOARD,P9D
CKAsset 5xLongSG231019,DJHW,20220310_091600,dlcertificates,MAINBOARD,0
CKAsset 5xShortSG231019,DIBW,20220310_091600,dlcertificates,MAINBOARD,0
Clearbridge,1H3,20220310_091600,stocks,CATALIST,1H3
CLIFE 5xLongSG221208,DHDW,20220310_091600,dlcertificates,MAINBOARD,0
CLIFE 5xLongSG240215,DVAW,20220310_091600,dlcertificates,MAINBOARD,0
CLIFE 5xShortSG221208,DNZW,20220310_091600,dlcertificates,MAINBOARD,0
CLIFE 5xShortSG240215,DWEW,20220310_091600,dlcertificates,MAINBOARD,0
CMB 5xLongSG231019,DTDW,20220310_091600,dlcertificates,MAINBOARD,0
CMB 5xShortSG231019,DSGW,20220310_091600,dlcertificates,MAINBOARD,0
CMOB 5xLongSG220323,DGDW,20220310_091600,dlcertificates,MAINBOARD,0
CMOB 5xLongSG221208,DJAW,20220310_091600,dlcertificates,MAINBOARD,0
CMOB 5xLongSG250213,DTMW,20220310_091600,dlcertificates,MAINBOARD,0
CMOB 5xShortSG221208,DQBW,20220310_091600,dlcertificates,MAINBOARD,0
CMOB 5xShortSG250213,DUHW,20220310_091600,dlcertificates,MAINBOARD,0
CNMC Goldmine,5TP,20220310_091600,stocks,CATALIST,5TP
CNOOC 5xLongSG220323,DGQW,20220310_091600,dlcertificates,MAINBOARD,0
CNOOC 5xLongSG230331,DTJW,20220310_091600,dlcertificates,MAINBOARD,0
CNOOC 5xLongSG240201,DMFW,20220310_091600,dlcertificates,MAINBOARD,0
CNOOC 5xShortSG240201,DQCW,20220310_091600,dlcertificates,MAINBOARD,0
Colex,567,20220310_091600,stocks,CATALIST,567
Combine Will,N0Z,20220310_091600,stocks,MAINBOARD,N0Z
Comfort 5xLongSG231115,MQVW,20220310_091600,dlcertificates,MAINBOARD,0
Comfort 5xShortSG231115,THLW,20220310_091600,dlcertificates,MAINBOARD,0
ComfortDel MBeCW220315,FQJW,20220310_091600,structuredwarrants,MAINBOARD,0
ComfortDel MBeCW221014,9A3W,20220310_091600,structuredwarrants,MAINBOARD,0
ComfortDelGro,C52,20220310_091600,stocks,MAINBOARD,C52
Cordlife,P8A,20220310_091600,stocks,MAINBOARD,P8A
Cortina,C41,20220310_091600,stocks,MAINBOARD,C41
COSCO 5xLongSG221223,DWKW,20220310_091600,dlcertificates,MAINBOARD,0
COSCO 5xShortSG221223,DVUW,20220310_091600,dlcertificates,MAINBOARD,0
COSCO SHP SG,F83,20220310_091600,stocks,MAINBOARD,F83
CosmoSteel^,B9S,20220310_091600,stocks,MAINBOARD,B9S
Courage Inv,CIN,20220310_091600,stocks,MAINBOARD,CIN
Creative,C76,20220310_091600,stocks,MAINBOARD,C76
CreditBureauAsia,TCU,20220310_091600,stocks,MAINBOARD,TCU
Cromwell Reit EUR,CWBU,20220310_091600,reits,MAINBOARD,CWBU
Cromwell Reit SGD,CWCU,20220310_091600,reits,MAINBOARD,0
CSC,C06,20220310_091600,stocks,MAINBOARD,C06
CSE Global,544,20220310_091600,stocks,MAINBOARD,544
CSOP iEdge SREIT ETF S$,SRT,20220310_091600,etfs,MAINBOARD,SRT
CSOP iEdge SREIT ETF US$,SRU,20220310_091600,etfs,MAINBOARD,0
CSPC 5xLongSG220315,DOFW,20220310_091600,dlcertificates,MAINBOARD,0
CSPC 5xLongSG221208,DUFW,20220310_091600,dlcertificates,MAINBOARD,0
CSPC 5xShortSG220315,DDCW,20220310_091600,dlcertificates,MAINBOARD,0
CSPC 5xShortSG221208,DWAW,20220310_091600,dlcertificates,MAINBOARD,0
DairyFarm USD,D01,20220310_091600,stocks,MAINBOARD,D01
Daiwa Hse Log Tr,DHLU,20220310_091600,reits,MAINBOARD,DHLU
Darco Water Tech,BLR,20220310_091600,stocks,MAINBOARD,BLR
Dasin Retail Tr,CEDU,20220310_091600,businesstrusts,MAINBOARD,CEDU
Datapulse Tech,BKW,20220310_091600,stocks,MAINBOARD,BKW
DBS,D05,20220310_091600,stocks,MAINBOARD,D05
DBS 5xLongSG230713,DQEW,20220310_091600,dlcertificates,MAINBOARD,0
DBS 5xLongSG240306,DKBW,20220310_091600,dlcertificates,MAINBOARD,0
DBS 5xShortSG220331,DCAW,20220310_091600,dlcertificates,MAINBOARD,0
DBS 5xShortSG221201,DTFW,20220310_091600,dlcertificates,MAINBOARD,0
DBS 5xShortSG240306,DLDW,20220310_091600,dlcertificates,MAINBOARD,0
DBS MB eCW220328,57CW,20220310_091600,structuredwarrants,MAINBOARD,0
DBS MB eCW220627,9ZVW,20220310_091600,structuredwarrants,MAINBOARD,0
DBS MB eCW220701,UKDW,20220310_091600,structuredwarrants,MAINBOARD,0
DBS MB eCW221028,ZOBW,20220310_091600,structuredwarrants,MAINBOARD,0
DBS MB ePW220627,Y2BW,20220310_091600,structuredwarrants,MAINBOARD,0
DBS MB ePW220701,9SNW,20220310_091600,structuredwarrants,MAINBOARD,0
DBS MB ePW221215,MNTW,20220310_091600,structuredwarrants,MAINBOARD,0
Debao Property^,BTF,20220310_091600,stocks,MAINBOARD,BTF
Del Monte Pac,D03,20220310_091600,stocks,MAINBOARD,D03
Delfi,P34,20220310_091600,stocks,MAINBOARD,P34
Design Studio,D11,20220310_091600,stocks,MAINBOARD,D11
DigiCore Reit USD,DCRU,20220310_091600,reits,MAINBOARD,DCRU
Digilife Tech,BAI,20220310_091600,stocks,CATALIST,BAI
DISA,532,20220310_091600,stocks,CATALIST,532
Don Agro,GRQ,20220310_091600,stocks,CATALIST,GRQ
Dragon^,MT1,20220310_091600,stocks,MAINBOARD,MT1
Duty Free Intl,5SO,20220310_091600,stocks,MAINBOARD,5SO
Duty Free Intl W220513,CHBW,20220310_091600,companywarrants,MAINBOARD,CHBW
Dyna-Mac,NO4,20220310_091600,stocks,MAINBOARD,NO4
Eagle HTrust USD,LIW,20220310_091600,businesstrusts,MAINBOARD,LIW
EC World Reit,BWCU,20220310_091600,reits,MAINBOARD,BWCU
Econ Healthcare,EHG,20220310_091600,stocks,CATALIST,EHG
EcoWise,5CT,20220310_091600,stocks,CATALIST,5CT
Edition,5HG,20220310_091600,stocks,CATALIST,5HG
Eindec,42Z,20220310_091600,stocks,CATALIST,42Z
EliteComREIT GBP,MXNU,20220310_091600,reits,MAINBOARD,MXNU
Ellipsiz,BIX,20220310_091600,stocks,MAINBOARD,BIX
Eneco Energy^,R14,20220310_091600,stocks,MAINBOARD,R14
EnGro,S44,20220310_091600,stocks,MAINBOARD,S44
Envictus,BQD,20220310_091600,stocks,MAINBOARD,BQD
Envictus W221128,IWKW,20220310_091600,companywarrants,MAINBOARD,IWKW
Enviro-Hub,L23,20220310_091600,stocks,MAINBOARD,L23
Epicentre,5MQ,20220310_091600,stocks,CATALIST,5MQ
ES,5RC,20220310_091600,stocks,CATALIST,5RC
ESR-REIT,J91U,20220310_091600,reits,MAINBOARD,J91U
ETC Singapore,1C0,20220310_091600,stocks,CATALIST,1C0
EuroSports Gbl,5G1,20220310_091600,stocks,CATALIST,5G1
Excelpoint,BDF,20220310_091600,stocks,MAINBOARD,BDF
Ezion,5ME,20220310_091600,stocks,MAINBOARD,5ME
Ezra,5DN,20220310_091600,stocks,MAINBOARD,5DN
F & N,F99,20220310_091600,stocks,MAINBOARD,F99
Fabchem China^,BFT,20220310_091600,stocks,MAINBOARD,BFT
Falcon Energy,5FL,20220310_091600,stocks,MAINBOARD,5FL
Far East,5TJ,20220310_091600,stocks,CATALIST,5TJ
Far East HTrust,Q5T,20220310_091600,businesstrusts,MAINBOARD,Q5T
Far East Orchard,O10,20220310_091600,stocks,MAINBOARD,O10
Federal Int,BDU,20220310_091600,stocks,MAINBOARD,BDU
Figtree,5F4,20220310_091600,stocks,CATALIST,5F4
First Reit,AW9U,20220310_091600,reits,MAINBOARD,AW9U
First Reit A,WCJU,20220310_091600,reits,MAINBOARD,0
First Resources,EB5,20220310_091600,stocks,MAINBOARD,EB5
First Sponsor,ADN,20220310_091600,stocks,MAINBOARD,ADN
First Sponsor W240530,QNHW,20220310_091600,companywarrants,MAINBOARD,0
First Sponsor W290321,RAYW,20220310_091600,companywarrants,MAINBOARD,0
FJ Benjamin,F10,20220310_091600,stocks,CATALIST,F10
Food Empire,F03,20220310_091600,stocks,MAINBOARD,F03
Forise Int,8A1,20220310_091600,stocks,MAINBOARD,8A1
FortressMinerals,OAJ,20220310_091600,stocks,CATALIST,OAJ
FPTrea b3.65%220522#,AXXZ,20220310_052708,retailbonds,MAINBOARD,0
Frasers Cpt Tr,J69U,20220310_091600,reits,MAINBOARD,J69U
Frasers HTrust,ACV,20220310_091600,businesstrusts,MAINBOARD,ACV
Frasers L&C Tr,BUOU,20220310_091600,reits,MAINBOARD,BUOU
Frasers Property,TQ5,20220310_091600,stocks,MAINBOARD,TQ5
Frencken,E28,20220310_091600,stocks,MAINBOARD,E28
FSL Trust,D8DU,20220310_091600,businesstrusts,MAINBOARD,D8DU
Fu Yu,F13,20220310_091600,stocks,MAINBOARD,F13
Fuji Offset,508,20220310_091600,stocks,CATALIST,508
Full Apex^,BTY,20220310_091600,stocks,MAINBOARD,BTY
Fuxing China,AWK,20220310_091600,stocks,MAINBOARD,AWK
G Invacom,QS9,20220310_091600,stocks,MAINBOARD,QS9
G K Goh,G41,20220310_091600,stocks,MAINBOARD,G41
Galaxy 5xLongSG221013,DLBW,20220310_091600,dlcertificates,MAINBOARD,0
Galaxy 5xLongSG230331,DBTW,20220310_091600,dlcertificates,MAINBOARD,0
Galaxy 5xShortSG220328,DZCW,20220310_091600,dlcertificates,MAINBOARD,0
Galaxy 5xShortSG221215,DXHW,20220310_091600,dlcertificates,MAINBOARD,0
Galaxy 5xShortSG230920,DGCW,20220310_091600,dlcertificates,MAINBOARD,0
Galaxy MB eCW220705,MWSW,20220310_091600,structuredwarrants,MAINBOARD,0
Galaxy MB ePW220705,8Q1W,20220310_091600,structuredwarrants,MAINBOARD,0
Gallant Venture,5IG,20220310_091600,stocks,MAINBOARD,5IG
Ganfeng 5xLongSG221223,DIZW,20220310_091600,dlcertificates,MAINBOARD,0
Ganfeng 5xShortSG221223,DEXW,20220310_091600,dlcertificates,MAINBOARD,0
GanfengLit MB eCW220705,PZGW,20220310_091600,structuredwarrants,MAINBOARD,0
GCCP,41T,20220310_091600,stocks,CATALIST,41T
GDR Cheng Mei US$S,CKW,20220309_230034,others,MAINBOARD,0
GDR Kakao Corp US$ A,CQC,20220309_230034,others,MAINBOARD,0
GDR Kakao Corp US$ R,CQD,20220309_230034,others,MAINBOARD,0
GDR PJSC GazpromUS$S,AAI,20220309_230034,others,MAINBOARD,0
GDR UPL US$,BYS,20220309_230034,others,MAINBOARD,0
GDR Youngone US$ S,RQ9,20220309_230034,others,MAINBOARD,0
GDS Global,5VP,20220310_091600,stocks,CATALIST,5VP
Geely 5xLongSG220530,DGAW,20220310_091600,dlcertificates,MAINBOARD,0
Geely 5xLongSG220621,DDHW,20220310_091600,dlcertificates,MAINBOARD,0
Geely 5xLongSG230202,DNDW,20220310_091600,dlcertificates,MAINBOARD,0
Geely 5xLongSG230331,DVPW,20220310_091600,dlcertificates,MAINBOARD,0
Geely 5xShortSG221201,DBCW,20220310_091600,dlcertificates,MAINBOARD,0
Geely 5xShortSG221215,DSHW,20220310_091600,dlcertificates,MAINBOARD,0
Geely 5xShortSG230126,DDEW,20220310_091600,dlcertificates,MAINBOARD,0
Geely 5xShortSG230825,DDZW,20220310_091600,dlcertificates,MAINBOARD,0
Geely 5xShortSG231214,DCDW,20220310_091600,dlcertificates,MAINBOARD,0
Geely MB eCW220404,58YW,20220310_091600,structuredwarrants,MAINBOARD,0
Geely MB eCW221004,HVQW,20220310_091600,structuredwarrants,MAINBOARD,0
Geely MB ePW220404,KXJW,20220310_091600,structuredwarrants,MAINBOARD,0
Geely MB ePW221004,Y9EW,20220310_091600,structuredwarrants,MAINBOARD,0
Genting 5xLongSG230420,DUBW,20220310_091600,dlcertificates,MAINBOARD,0
Genting 5xShortSG220328,DQOW,20220310_091600,dlcertificates,MAINBOARD,0
Genting 5xShortSG240306,DQGW,20220310_091600,dlcertificates,MAINBOARD,0
Genting Sing,G13,20220310_091600,stocks,MAINBOARD,G13
GentingSMBeCW220429,FUBW,20220310_091600,structuredwarrants,MAINBOARD,0
GentingSMBeCW221028,OQTW,20220310_091600,structuredwarrants,MAINBOARD,0
Geo Energy Res,RE4,20220310_091600,stocks,MAINBOARD,RE4
GHY Culture,XJB,20220310_091600,stocks,MAINBOARD,XJB
GKE,595,20220310_091600,stocks,CATALIST,595
GLD SG$,GSD,20220310_091600,etfs,MAINBOARD,0
GLD US$,O87,20220310_091600,etfs,MAINBOARD,O87
Global Dragon,586,20220310_091600,stocks,CATALIST,586
Global Inv,B73,20220310_084324,others,MAINBOARD,B73
Global Inv,B73,20220310_084324,others,MAINBOARD,B73
Global Inv,B73,20220310_091600,stocks,MAINBOARD,B73
Global Inv,B73,20220310_091600,stocks,MAINBOARD,B73
Global Palm Res,BLW,20220310_091600,stocks,MAINBOARD,BLW
Global Testing,AYN,20220310_091600,stocks,MAINBOARD,AYN
Golden Agri-Res,E5H,20220310_091600,stocks,MAINBOARD,E5H
Golden Energy,AUE,20220310_091600,stocks,MAINBOARD,AUE
Goodland,5PC,20220310_091600,stocks,MAINBOARD,5PC
GP Industries,G20,20220310_091600,stocks,MAINBOARD,G20
Grand Banks,G50,20220310_091600,stocks,MAINBOARD,G50
Grand Venture,JLB,20220310_091600,stocks,MAINBOARD,JLB
Great Eastern,G07,20220310_091600,stocks,MAINBOARD,G07
Green Build,Y06,20220310_091600,stocks,MAINBOARD,Y06
GRP,BLU,20220310_091600,stocks,MAINBOARD,BLU
GS Hldg,43A,20220310_091600,stocks,CATALIST,43A
GSH,BDX,20220310_091600,stocks,MAINBOARD,BDX
GSH cb5.2%241012#,Y6OB,20220310_074903,retailbonds,MAINBOARD,0
GSS Energy,41F,20220310_091600,stocks,CATALIST,41F
Guoan Intl,G11,20220310_091600,stocks,MAINBOARD,G11
GuocoLand,F17,20220310_091600,stocks,MAINBOARD,F17
GWMotor 5xLongSG221223,DCKW,20220310_091600,dlcertificates,MAINBOARD,0
GWMotor 5xShortSG221223,DZKW,20220310_091600,dlcertificates,MAINBOARD,0
GYP Properties,AWS,20220310_091600,stocks,MAINBOARD,AWS
Hafary,5VS,20220310_091600,stocks,MAINBOARD,5VS
Hai Leck,BLH,20220310_091600,stocks,MAINBOARD,BLH
Halcyon Agri,5VJ,20220310_091600,stocks,MAINBOARD,5VJ
Hanwell,DM0,20220310_091600,stocks,MAINBOARD,DM0
Hatten Land,PH0,20220310_091600,stocks,CATALIST,PH0
Haw Par,H02,20220310_091600,stocks,MAINBOARD,H02
HBC ADR US$,PU6D,20220310_071838,adrs,GLOBAL_QUOTE,PU6D
HC Surgical,1B1,20220310_091600,stocks,CATALIST,1B1
HealthBank,40B,20220310_091600,stocks,CATALIST,40B
Healthway Med,5NG,20220310_091600,stocks,CATALIST,5NG
Heatec Jietong,5OR,20220310_091600,stocks,CATALIST,5OR
Heeton,5DP,20220310_091600,stocks,MAINBOARD,5DP
Hengyang Petro,5PD,20220310_091600,stocks,CATALIST,5PD
HG Metal,BTG,20220310_091600,stocks,MAINBOARD,BTG
HGH,5GZ,20220310_091600,stocks,CATALIST,5GZ
Hiap Hoe,5JK,20220310_091600,stocks,MAINBOARD,5JK
Hiap Seng,510,20220310_091600,stocks,MAINBOARD,510
Hiap Tong,5PO,20220310_091600,stocks,CATALIST,5PO
HKEx 5xLongSG240125,DYYW,20220310_091600,dlcertificates,MAINBOARD,0
HKEx 5xShortSG230920,DHEW,20220310_091600,dlcertificates,MAINBOARD,0
HKEx 5xShortSG240125,DLTW,20220310_091600,dlcertificates,MAINBOARD,0
HL Global Ent,AVX,20220310_091600,stocks,MAINBOARD,AVX
HNP ADR US$,K3FD,20220310_085950,adrs,GLOBAL_QUOTE,K3FD
Ho Bee Land,H13,20220310_091600,stocks,MAINBOARD,H13
Hock Lian Seng,J2T,20220310_091600,stocks,MAINBOARD,J2T
Hoe Leong,H20,20220310_091600,stocks,MAINBOARD,H20
Hong Fok,H30,20220310_091600,stocks,MAINBOARD,H30
Hong Lai Huat,CTO,20220310_091600,stocks,MAINBOARD,CTO
Hong Leong Asia,H22,20220310_091600,stocks,MAINBOARD,H22
Hong Leong Fin,S41,20220310_091600,stocks,MAINBOARD,S41
HongkongLand USD,H78,20220310_091600,stocks,MAINBOARD,H78
Hor Kew,BBP,20220310_091600,stocks,MAINBOARD,BBP
Hosen,5EV,20220310_091600,stocks,CATALIST,5EV
Hotel Grand,H18,20220310_091600,stocks,MAINBOARD,H18
Hotel Royal,H12,20220310_091600,stocks,MAINBOARD,H12
Hotung Inv,BLS,20220310_091600,stocks,MAINBOARD,BLS
HPH Trust SGD,P7VU,20220310_091600,businesstrusts,MAINBOARD,0
HPH Trust USD,NS8U,20220310_091600,businesstrusts,MAINBOARD,NS8U
HPL,H15,20220310_091600,stocks,MAINBOARD,H15
HRnetGroup,CHZ,20220310_091600,stocks,MAINBOARD,CHZ
HS Optimus,504,20220310_091600,stocks,CATALIST,504
HSBC 5xLongSG230920,DHSW,20220310_091600,dlcertificates,MAINBOARD,0
HSBC 5xLongSG250203,DOCW,20220310_091600,dlcertificates,MAINBOARD,0
HSBC 5xShortSG241213,DTIW,20220310_091600,dlcertificates,MAINBOARD,0
HSCEI 5xLongSG230420,CZPW,20220310_091600,dlcertificates,MAINBOARD,0
HSCEI 5xShortSG230420,CUKW,20220310_091600,dlcertificates,MAINBOARD,0
HSCEI 7xLongSG231215,CYFW,20220310_091600,dlcertificates,MAINBOARD,0
HSCEI 7xShortSG231215,CXRW,20220310_091600,dlcertificates,MAINBOARD,0
HSI 19400MBePW220530,NPHW,20220310_091600,structuredwarrants,MAINBOARD,0
HSI 20200MBePW220530,DIYW,20220310_091600,structuredwarrants,MAINBOARD,0
HSI 20600MBePW220428,LPMW,20220310_091600,structuredwarrants,MAINBOARD,0
HSI 20800MBeCW220429,VDHW,20220310_091600,structuredwarrants,MAINBOARD,0
HSI 21400MBePW220428,KAFW,20220310_091600,structuredwarrants,MAINBOARD,0
HSI 21600MBeCW220429,9UPW,20220310_091600,structuredwarrants,MAINBOARD,0
HSI 21800MBePW220330,NWNW,20220310_091600,structuredwarrants,MAINBOARD,0
HSI 22000MBeCW220530,PVDW,20220310_091600,structuredwarrants,MAINBOARD,0
HSI 22200MBePW220428,PVWW,20220310_091600,structuredwarrants,MAINBOARD,0
HSI 22600MBePW220330,OEMW,20220310_091600,structuredwarrants,MAINBOARD,0
HSI 22600MBePW220530,PBBW,20220310_091600,structuredwarrants,MAINBOARD,0
HSI 22800MBeCW220530,Y4CW,20220310_091600,structuredwarrants,MAINBOARD,0
HSI 23000MBePW220629,OQNW,20220310_091600,structuredwarrants,MAINBOARD,0
HSI 23400MBePW220330,IXDW,20220310_091600,structuredwarrants,MAINBOARD,0
HSI 24000MBeCW220428,OFGW,20220310_091600,structuredwarrants,MAINBOARD,0
HSI 24000MBePW220629,GJEW,20220310_091600,structuredwarrants,MAINBOARD,0
HSI 24400MBeCW220330,9TZW,20220310_091600,structuredwarrants,MAINBOARD,0
HSI 24800MBeCW220428,IYZW,20220310_091600,structuredwarrants,MAINBOARD,0
HSI 25200MBeCW220330,NPSW,20220310_091600,structuredwarrants,MAINBOARD,0
HSI 25400MBeCW220629,KMUW,20220310_091600,structuredwarrants,MAINBOARD,0
HSI 25600MBeCW220428,1N3W,20220310_091600,structuredwarrants,MAINBOARD,0
HSI 26000MBeCW220530,HRDW,20220310_091600,structuredwarrants,MAINBOARD,0
HSI 26200MBeCW220330,SSAW,20220310_091600,structuredwarrants,MAINBOARD,0
HSI 26400MBeCW220629,971W,20220310_091600,structuredwarrants,MAINBOARD,0
HSI 27400MBeCW220629,ZKCW,20220310_091600,structuredwarrants,MAINBOARD,0
HSI 28000MBeCW220530,GSKW,20220310_091600,structuredwarrants,MAINBOARD,0
HSI 5xLongSG230420,CWAW,20220310_091600,dlcertificates,MAINBOARD,0
HSI 5xShortSG230420,CXQW,20220310_091600,dlcertificates,MAINBOARD,0
HSI 7xLongSG230215,CUDW,20220310_091600,dlcertificates,MAINBOARD,0
HSI 7xLongSG231215,CUUW,20220310_091600,dlcertificates,MAINBOARD,0
HSI 7xLongSG240215,CVAW,20220310_091600,dlcertificates,MAINBOARD,0
HSI 7xLongUB241231,KNXW,20220310_091600,dlcertificates,MAINBOARD,0
HSI 7xShortSG230920,CZBW,20220310_091600,dlcertificates,MAINBOARD,0
HSI 7xShortSG240125,CZMW,20220310_091600,dlcertificates,MAINBOARD,0
HSI 7xShortUB241231,HOHW,20220310_091600,dlcertificates,MAINBOARD,0
HSTECH 5000MBePW220629,PPBW,20220310_091600,structuredwarrants,MAINBOARD,0
HSTECH 5400MBePW220330,GYOW,20220310_091600,structuredwarrants,MAINBOARD,0
HSTECH 5600MBeCW220629,HWUW,20220310_091600,structuredwarrants,MAINBOARD,0
HSTECH 5xLongSG220602,CDDW,20220310_091600,dlcertificates,MAINBOARD,0
HSTECH 5xLongSG230215,CWDW,20220310_091600,dlcertificates,MAINBOARD,0
HSTECH 5xLongSG230216,CXDW,20220310_091600,dlcertificates,MAINBOARD,0
HSTECH 5xShortSG220602,CZCW,20220310_091600,dlcertificates,MAINBOARD,0
HSTECH 5xShortSG230216,CWEW,20220310_091600,dlcertificates,MAINBOARD,0
HSTECH 6000MBePW220629,VETW,20220310_091600,structuredwarrants,MAINBOARD,0
HSTECH 6200MBeCW220330,UEDW,20220310_091600,structuredwarrants,MAINBOARD,0
HSTECH 6400MBePW220330,ZM4W,20220310_091600,structuredwarrants,MAINBOARD,0
HSTECH 6600MBeCW220629,TGSW,20220310_091600,structuredwarrants,MAINBOARD,0
HSTECH 7200MBeCW220330,SRWW,20220310_091600,structuredwarrants,MAINBOARD,0
Hu An Cable,KI3,20220310_091600,stocks,MAINBOARD,KI3
Huationg Global,41B,20220310_091600,stocks,CATALIST,41B
Hwa Hong,H19,20220310_091600,stocks,MAINBOARD,H19
Hyflux,600,20220310_091600,stocks,MAINBOARD,600
Hyflux 6% CPS#,N2H,20220309_230034,retailpreferenceshares,MAINBOARD,N2H
Hyflux 6% PerCapSec#,BTWZ,20220309_230034,retailbonds,MAINBOARD,0
Hyphens Pharma,1J5,20220310_091600,stocks,CATALIST,1J5
ICBC CSOP CGB ETF S$,CYC,20220310_091600,etfs,MAINBOARD,CYC
ICBC CSOP CGB ETF US$D,CYB,20220310_091600,etfs,MAINBOARD,0
ICP Ltd,5I4,20220310_091600,stocks,CATALIST,5I4
IFAST,AIY,20220310_091600,stocks,MAINBOARD,AIY
IFS Capital,I49,20220310_091600,stocks,MAINBOARD,I49
IHH,Q0F,20220310_091600,stocks,MAINBOARD,Q0F
Imperium Crown,5HT,20220310_091600,stocks,CATALIST,5HT
Inch Kenneth,I4R,20220310_091600,stocks,MAINBOARD,0
Incredible,RDR,20220310_091600,stocks,CATALIST,RDR
Incredible W240204,W1XW,20220310_091600,companywarrants,CATALIST,0
Indofood Agri,5JS,20220310_091600,stocks,MAINBOARD,5JS
Informatics W240821^,LSCW,20220310_091600,companywarrants,MAINBOARD,0
Informatics^,BOU,20220310_091600,stocks,MAINBOARD,BOU
InnoTek,M14,20220310_091600,stocks,MAINBOARD,M14
Interra Resource^,5GI,20220310_091600,stocks,MAINBOARD,5GI
Intl Cement,KUO,20220310_091600,stocks,MAINBOARD,KUO
Intraco,I06,20220310_091600,stocks,MAINBOARD,I06
Inv Beve Biz EURO S,J0T,20220309_230034,others,MAINBOARD,0
IPC Corp,AZA,20220310_091600,stocks,MAINBOARD,AZA
IPS Securex,42N,20220310_091600,stocks,CATALIST,42N
IREIT Global EUR,8U7U,20220310_091600,reits,MAINBOARD,0
IREIT Global SGD,UD1U,20220310_091600,reits,MAINBOARD,UD1U
IS ASIA BND S$D,QL2,20220310_091600,etfs,MAINBOARD,QL2
IS ASIA BND US$,N6M,20220310_091600,etfs,MAINBOARD,N6M
IS ASIA HYG S$D,QL3,20220310_091600,etfs,MAINBOARD,QL3
IS ASIA HYG US$,O9P,20220310_091600,etfs,MAINBOARD,O9P
IS MS INDIA S$D,QK9,20220310_091600,etfs,MAINBOARD,QK9
IS MS INDIA US$,I98,20220310_091600,etfs,MAINBOARD,I98
ISDN,I07,20220310_091600,stocks,MAINBOARD,I07
ISEC,40T,20220310_091600,stocks,CATALIST,40T
Isetan,I15,20220310_091600,stocks,MAINBOARD,I15
ISOTeam,5WF,20220310_091600,stocks,CATALIST,5WF
IX Biopharma,42C,20220310_091600,stocks,CATALIST,42C
Jackspeed,J17,20220310_091600,stocks,MAINBOARD,J17
Jadason,J03,20220310_091600,stocks,MAINBOARD,J03
Japan Foods,5OI,20220310_091600,stocks,CATALIST,5OI
Japfa,UD2,20220310_091600,stocks,MAINBOARD,UD2
Jardine C&C,C07,20220310_091600,stocks,MAINBOARD,C07
Jason Marine,5PF,20220310_091600,stocks,CATALIST,5PF
Jasper Inv,FQ7,20220310_091600,stocks,MAINBOARD,FQ7
Jawala,1J7,20220310_091600,stocks,CATALIST,1J7
JB Foods,BEW,20220310_091600,stocks,MAINBOARD,BEW
JD 5xLongSG230615,DJCW,20220310_091600,dlcertificates,MAINBOARD,0
JD 5xLongSG230615A,DJDW,20220310_091600,dlcertificates,MAINBOARD,0
JD 5xShortSG220908,DUDW,20220310_091600,dlcertificates,MAINBOARD,0
JD 5xShortSG230907,DJBW,20220310_091600,dlcertificates,MAINBOARD,0
JD MB eCW220404,WW8W,20220310_091600,structuredwarrants,MAINBOARD,0
JD MB eCW220705,YVDW,20220310_091600,structuredwarrants,MAINBOARD,0
JD MB ePW220404,FOAW,20220310_091600,structuredwarrants,MAINBOARD,0
JD MB ePW220705,NKMW,20220310_091600,structuredwarrants,MAINBOARD,0
JEP,1J4,20220310_091600,stocks,CATALIST,1J4
JES Intl,EG0,20220310_091600,stocks,MAINBOARD,EG0
Jiutian Chemical,C8R,20220310_091600,stocks,CATALIST,C8R
JMH USD,J36,20220310_091600,stocks,MAINBOARD,J36
Joyas Intl,E9L,20220310_091600,stocks,CATALIST,E9L
Jubilee,NHD,20220310_091600,stocks,CATALIST,NHD
Jumbo,42R,20220310_091600,stocks,CATALIST,42R
Karin Tech,K29,20220310_091600,stocks,MAINBOARD,K29
Katrina,1A0,20220310_091600,stocks,CATALIST,1A0
Kencana Agri,BNE,20220310_091600,stocks,MAINBOARD,BNE
Keong Hong,5TT,20220310_091600,stocks,MAINBOARD,5TT
Kep Infra Tr,A7RU,20220310_091600,businesstrusts,MAINBOARD,A7RU
KepCorp 5xLongSG230920,DKEW,20220310_091600,dlcertificates,MAINBOARD,0
KepCorp 5xShortSG221201,DAZW,20220310_091600,dlcertificates,MAINBOARD,0
KepCorpMBeCW221031,HMPW,20220310_091600,structuredwarrants,MAINBOARD,0
KepPacOakReitUSD,CMOU,20220310_091600,reits,MAINBOARD,CMOU
Keppel Corp,BN4,20220310_091600,stocks,MAINBOARD,BN4
Keppel DC Reit,AJBU,20220310_091600,reits,MAINBOARD,AJBU
Keppel Reit,K71U,20220310_091600,reits,MAINBOARD,K71U
Khong Guan,K03,20220310_091600,stocks,MAINBOARD,K03
Kim Heng,5G2,20220310_091600,stocks,CATALIST,5G2
Kimly,1D0,20220310_091600,stocks,CATALIST,1D0
King Wan,554,20220310_091600,stocks,MAINBOARD,554
Kingdee 5xLongSG231220,DLKW,20220310_091600,dlcertificates,MAINBOARD,0
Kingdee 5xShortSG231220,DOOW,20220310_091600,dlcertificates,MAINBOARD,0
KingsmenCreative,5MZ,20220310_091600,stocks,MAINBOARD,5MZ
Kingsof 5xLongSG220908,DMDW,20220310_091600,dlcertificates,MAINBOARD,0
Kingsof 5xShortSG230126,DZQW,20220310_091600,dlcertificates,MAINBOARD,0
Kingsof 5xShortSG231220,DLSW,20220310_091600,dlcertificates,MAINBOARD,0
Kitchen Culture,5TI,20220310_091600,stocks,CATALIST,5TI
Koda,BJZ,20220310_091600,stocks,MAINBOARD,BJZ
Koh Bros,K75,20220310_091600,stocks,MAINBOARD,K75
Koh Eco,5HV,20220310_091600,stocks,CATALIST,5HV
Koh Eco W230925,KHDW,20220310_091600,companywarrants,CATALIST,KHDW
KOP,5I1,20220310_091600,stocks,CATALIST,5I1
Kori,5VC,20220310_091600,stocks,CATALIST,5VC
Koufu,VL6,20220310_091600,stocks,MAINBOARD,VL6
Koyo Intl,5OC,20220310_091600,stocks,CATALIST,5OC
KrisEnergy,SK3,20220310_091600,stocks,MAINBOARD,0
KrisEnergy W240131,CDXW,20220310_091600,companywarrants,MAINBOARD,CDXW
KrisEnergy z240131,CDVZ,20220309_230034,retailbonds,MAINBOARD,0
KS Energy^,578,20220310_091600,stocks,MAINBOARD,578
KSH,ER0,20220310_091600,stocks,MAINBOARD,ER0
KTL Global^,EB7,20220310_091600,stocks,MAINBOARD,EB7
KTMG,XCF,20220310_091600,stocks,CATALIST,XCF
Kuaisho 5xLongSG220621,DHTW,20220310_091600,dlcertificates,MAINBOARD,0
Kuaisho 5xLongSG220808,DXDW,20220310_091600,dlcertificates,MAINBOARD,0
Kuaisho 5xLongSG230202,DRAW,20220310_091600,dlcertificates,MAINBOARD,0
Kuaisho 5xShortSG230202,DPAW,20220310_091600,dlcertificates,MAINBOARD,0
Kuaisho MB eCW220404,KSDW,20220310_091600,structuredwarrants,MAINBOARD,0
Kuaisho MB eCW220705,HNJW,20220310_091600,structuredwarrants,MAINBOARD,0
Kuaisho MB eCW221004,9AMW,20220310_091600,structuredwarrants,MAINBOARD,0
Kuaisho MB ePW220705,XVWW,20220310_091600,structuredwarrants,MAINBOARD,0
Lasseters Intl,5EL,20220310_091600,stocks,CATALIST,5EL
Leader Env,LS9,20220310_091600,stocks,MAINBOARD,LS9
Lendlease Reit,JYEU,20220310_091600,reits,MAINBOARD,JYEU
Lenovo 5xLongSG220316,DGVW,20220310_091600,dlcertificates,MAINBOARD,0
Lenovo 5xLongSG240215,DAIW,20220310_091600,dlcertificates,MAINBOARD,0
Lenovo 5xShortSG220316,DEIW,20220310_091600,dlcertificates,MAINBOARD,0
Lenovo 5xShortSG240215,DBIW,20220310_091600,dlcertificates,MAINBOARD,0
Ley Choon,Q0X,20220310_091600,stocks,CATALIST,Q0X
LHN,41O,20220310_091600,stocks,CATALIST,41O
LHT,BEI,20220310_091600,stocks,MAINBOARD,BEI
Lian Beng,L03,20220310_091600,stocks,MAINBOARD,L03
Libra,5TR,20220310_091600,stocks,CATALIST,5TR
LifeBrandz,1D3,20220310_091600,stocks,CATALIST,1D3
LifeBrandz W240621,NCXW,20220310_091600,companywarrants,CATALIST,0
LiNing 5xLongSG231019,DCJW,20220310_091600,dlcertificates,MAINBOARD,0
LiNing 5xShortSG231019,DVBW,20220310_091600,dlcertificates,MAINBOARD,0
Lion Asiapac,BAZ,20220310_091600,stocks,MAINBOARD,BAZ
Lion-OCBC Sec HSTECH S$,HST,20220310_091600,etfs,MAINBOARD,HST
Lion-OCBC Sec HSTECH US$,HSS,20220310_091600,etfs,MAINBOARD,0
Lion-OSPL China L CNY,YYR,20220310_091600,etfs,MAINBOARD,YYR
Lion-OSPL China L S$,YYY,20220310_091600,etfs,MAINBOARD,YYY
LION-PHILLIP S-REIT,CLR,20220310_091600,etfs,MAINBOARD,CLR
Lippo Malls Tr,D5IU,20220310_091600,reits,MAINBOARD,D5IU
Livingstone,PRH,20220310_091600,stocks,CATALIST,PRH
Lonza,O6Z,20220310_091600,stocks,MAINBOARD,0
Lorenzo Intl,5IE,20220310_091600,stocks,MAINBOARD,5IE
Low Keng Huat,F1E,20220310_091600,stocks,MAINBOARD,F1E
LS 2 Holdings,ENV,20220310_091600,stocks,CATALIST,ENV
Lum Chang,L19,20220310_091600,stocks,MAINBOARD,L19
Luminor,5UA,20220310_091600,stocks,CATALIST,5UA
Lung Kee Bermuda,L09,20220310_091600,stocks,MAINBOARD,L09
Luxking,BKK,20220310_091600,stocks,MAINBOARD,BKK
LY Corp,1H8,20220310_091600,stocks,CATALIST,1H8
Lyxor Asia US$,P60,20220310_091600,etfs,MAINBOARD,P60
Lyxor ChinaESG US$,P58,20220310_091600,etfs,MAINBOARD,P58
Lyxor EM Mkt US$,H1N,20220310_091600,etfs,MAINBOARD,H1N
Lyxor MSIndia US$,G1N,20220310_091600,etfs,MAINBOARD,G1N
Magnus Energy,41S,20220310_091600,stocks,CATALIST,0
Maiwai Fund USD S,TY3,20220309_230034,others,MAINBOARD,0
Man Oriental USD,M04,20220310_091600,stocks,MAINBOARD,M04
Manhattan Res^,L02,20220310_091600,stocks,MAINBOARD,L02
ManulifeReit USD,BTOU,20220310_091600,reits,MAINBOARD,BTOU
Mapletree Com Tr,N2IU,20220310_091600,reits,MAINBOARD,N2IU
Mapletree Ind Tr,ME8U,20220310_091600,reits,MAINBOARD,ME8U
Mapletree Log Tr,M44U,20220310_091600,reits,MAINBOARD,M44U
Mapletree LogTr A,RCQU,20220310_091600,reits,MAINBOARD,0
Mapletree NAC Tr,RW0U,20220310_091600,reits,MAINBOARD,RW0U
MarcoPolo Marine,5LY,20220310_091600,stocks,MAINBOARD,5LY
MarcoPolo MarW230129,CQLW,20220310_091600,companywarrants,MAINBOARD,CQLW
Maruwa Yen1k,M12,20220310_091600,stocks,MAINBOARD,M12
Mary Chia,5OX,20220310_091600,stocks,CATALIST,5OX
Matex Intl,M15,20220310_091600,stocks,CATALIST,M15
Maxi-Cash Fin,5UF,20220310_091600,stocks,CATALIST,5UF
MDR Limited,Y3D,20220310_091600,stocks,MAINBOARD,Y3D
Medi Lifestyle,5TN,20220310_091600,stocks,CATALIST,5TN
Medinex,OTX,20220310_091600,stocks,CATALIST,OTX
Medtecs Intl,546,20220310_091600,stocks,CATALIST,546
MegaChem,5DS,20220310_091600,stocks,CATALIST,5DS
MeGroup,SJY,20220310_091600,stocks,CATALIST,SJY
Meituan 5xLongSG220331,DZHW,20220310_091600,dlcertificates,MAINBOARD,0
Meituan 5xLongSG220808,DMGW,20220310_091600,dlcertificates,MAINBOARD,0
Meituan 5xLongSG221215,DGZW,20220310_091600,dlcertificates,MAINBOARD,0
Meituan 5xLongSG230306,DMHW,20220310_091600,dlcertificates,MAINBOARD,0
Meituan 5xLongSG230306A,DNGW,20220310_091600,dlcertificates,MAINBOARD,0
Meituan 5xLongSG230712,DMEW,20220310_091600,dlcertificates,MAINBOARD,0
Meituan 5xLongUB241231,LQRW,20220310_091600,dlcertificates,MAINBOARD,0
Meituan 5xShortSG221215,DFBW,20220310_091600,dlcertificates,MAINBOARD,0
Meituan 5xShortSG230712,DMSW,20220310_091600,dlcertificates,MAINBOARD,0
Meituan 5xShortSG230907,DMAW,20220310_091600,dlcertificates,MAINBOARD,0
Meituan 5xShortSG231214,DARW,20220310_091600,dlcertificates,MAINBOARD,0
Meituan 5xShortUB241231,HMMW,20220310_091600,dlcertificates,MAINBOARD,0
Meituan MB eCW220404,YPJW,20220310_091600,structuredwarrants,MAINBOARD,0
Meituan MB eCW220705,RPLW,20220310_091600,structuredwarrants,MAINBOARD,0
Meituan MB eCW221004,9T2W,20220310_091600,structuredwarrants,MAINBOARD,0
Meituan MB ePW220404,HXHW,20220310_091600,structuredwarrants,MAINBOARD,0
Meituan MB ePW220705,VOCW,20220310_091600,structuredwarrants,MAINBOARD,0
Meituan MB ePW221004,5X7W,20220310_091600,structuredwarrants,MAINBOARD,0
Memiontec,SYM,20220310_091600,stocks,CATALIST,SYM
Memories,1H4,20220310_091600,stocks,CATALIST,1H4
Mencast^,5NF,20220310_091600,stocks,MAINBOARD,5NF
Mercurius,5RF,20220310_091600,stocks,CATALIST,5RF
Mermaid Maritime,DU4,20220310_091600,stocks,MAINBOARD,DU4
Meta Health,5DX,20220310_091600,stocks,CATALIST,5DX
Metech Intl,V3M,20220310_091600,stocks,CATALIST,V3M
Metro,M01,20220310_091600,stocks,MAINBOARD,M01
Mewah Intl,MV4,20220310_091600,stocks,MAINBOARD,MV4
MFG ADR US$,N6DD,20220310_020000,adrs,GLOBAL_QUOTE,N6DD
MFG Integration,M11,20220310_091600,stocks,MAINBOARD,M11
Micro-Mechanics,5DD,20220310_091600,stocks,MAINBOARD,5DD
Midas,5EN,20220310_091600,stocks,MAINBOARD,5EN
MindChamps,CNE,20220310_091600,stocks,MAINBOARD,CNE
Miyoshi,M03,20220310_091600,stocks,CATALIST,M03
MM2 Asia,1B0,20220310_091600,stocks,MAINBOARD,1B0
MoneyMax Fin,5WJ,20220310_091600,stocks,CATALIST,5WJ
Mooreast,1V3,20220310_091600,stocks,CATALIST,1V3
Moya Asia,5WE,20220310_091600,stocks,CATALIST,5WE
MS Hldgs,40U,20220310_091600,stocks,CATALIST,40U
MSC,NPW,20220310_091600,stocks,MAINBOARD,NPW
MSM Intl,5QR,20220310_091600,stocks,CATALIST,5QR
MTQ,M05,20220310_091600,stocks,MAINBOARD,M05
MTQ W230417,CRWW,20220310_091600,companywarrants,MAINBOARD,CRWW
MTU ADR US$,N5YD,20220309_230034,adrs,GLOBAL_QUOTE,N5YD
Multi-Chem,AWZ,20220310_091600,stocks,MAINBOARD,AWZ
Mun Siong Engg,MF6,20220310_091600,stocks,MAINBOARD,MF6
Murata Yen1k,PJX,20220310_091600,stocks,MAINBOARD,0
MYCloud 5xLongSG220316,DFVW,20220310_091600,dlcertificates,MAINBOARD,0
MYCloud 5xShortSG220316,DTKW,20220310_091600,dlcertificates,MAINBOARD,0
MYP,F86,20220310_091600,stocks,MAINBOARD,F86
N517100F 220401,BZKS,20220309_230034,sgsbonds,GLOBAL_QUOTE,0
N518100E 230201,CMHS,20220309_230034,sgsbonds,GLOBAL_QUOTE,0
N519100A 240201,LSHS,20220309_230034,sgsbonds,GLOBAL_QUOTE,0
N520100A 251101,QGES,20220309_230034,sgsbonds,GLOBAL_QUOTE,0
N521100V 261101,IRRS,20220309_230034,sgsbonds,GLOBAL_QUOTE,0
NA12100N 420401,PH1S,20220309_230034,sgsbonds,GLOBAL_QUOTE,0
NA16100H 460301,BJGS,20220309_230034,sgsbonds,GLOBAL_QUOTE,0
NA20100F 500301,ZL8S,20220309_230034,sgsbonds,GLOBAL_QUOTE,0
NA21200W 511001,ZFGS,20220309_230034,sgsbonds,GLOBAL_QUOTE,0
Nam Cheong,N4E,20220310_091600,stocks,MAINBOARD,N4E
Nam Lee Metal,G0I,20220310_091600,stocks,MAINBOARD,G0I
Nanofilm,MZH,20220310_091600,stocks,MAINBOARD,MZH
Natural Cool,5IF,20220310_091600,stocks,CATALIST,5IF
NauticAWT,42D,20220310_091600,stocks,CATALIST,42D
NeraTel,N01,20220310_091600,stocks,MAINBOARD,N01
Net Pacific Fin,5QY,20220310_091600,stocks,CATALIST,5QY
NetEase 5xLongSG230615,DNSW,20220310_091600,dlcertificates,MAINBOARD,0
NetEase 5xLongSG230615A,DNAW,20220310_091600,dlcertificates,MAINBOARD,0
NetEase 5xShortSG221115,PUOW,20220310_091600,dlcertificates,MAINBOARD,0
NetEase 5xShortSG230907,DNCW,20220310_091600,dlcertificates,MAINBOARD,0
NetLink NBN Tr,CJLU,20220310_091600,businesstrusts,MAINBOARD,CJLU
New Silkroutes,BMT,20220310_091600,stocks,MAINBOARD,BMT
New Toyo,N08,20220310_091600,stocks,MAINBOARD,N08
New Wave,5FX,20220310_091600,stocks,CATALIST,5FX
Nico Steel^,5GF,20220310_091600,stocks,MAINBOARD,5GF
Nikko AM STI ETF,G3B,20220310_091600,etfs,MAINBOARD,G3B
NikkoAM SGD IGBond ETF,MBH,20220310_091600,etfs,MAINBOARD,MBH
NIKKOAM-ICBCSG CNB CNY,ZHY,20220310_091600,etfs,MAINBOARD,ZHY
NIKKOAM-ICBCSG CNB S$,ZHS,20220310_091600,etfs,MAINBOARD,ZHS
NIKKOAM-ICBCSG CNB US$,ZHD,20220310_091600,etfs,MAINBOARD,0
NikkoAM-STC Asia REIT,CFA,20220310_091600,etfs,MAINBOARD,CFA
NikkoAM-STC A_REIT US$,COI,20220310_091600,etfs,MAINBOARD,COI
NikkoAM-STC CN EV S$,EVS,20220310_091600,etfs,MAINBOARD,EVS
NikkoAM-STC CN EV US$,EVD,20220310_091600,etfs,MAINBOARD,0
Nippecraft,N32,20220310_091600,stocks,CATALIST,N32
NKY 24000MBePW220311,YWJW,20220310_091600,structuredwarrants,MAINBOARD,0
NKY 25000MBePW220610,9LUW,20220310_091600,structuredwarrants,MAINBOARD,0
NKY 26000MBePW220311,IMNW,20220310_091600,structuredwarrants,MAINBOARD,0
NKY 27000MBeCW220311,ELMW,20220310_091600,structuredwarrants,MAINBOARD,0
NKY 27000MBePW220610,NDQW,20220310_091600,structuredwarrants,MAINBOARD,0
NKY 28000MBePW220311,SZQW,20220310_091600,structuredwarrants,MAINBOARD,0
NKY 29000MBeCW220311,OAOW,20220310_091600,structuredwarrants,MAINBOARD,0
NKY 29000MBePW220610,MALW,20220310_091600,structuredwarrants,MAINBOARD,0
NKY 30000MBeCW220610,PVYW,20220310_091600,structuredwarrants,MAINBOARD,0
NKY 31000MBeCW220311,PGLW,20220310_091600,structuredwarrants,MAINBOARD,0
NKY 32000MBeCW220610,YYFW,20220310_091600,structuredwarrants,MAINBOARD,0
NKY 34000MBeCW220610,HOQW,20220310_091600,structuredwarrants,MAINBOARD,0
No Signboard,1G6,20220310_091600,stocks,CATALIST,1G6
Noble,CGP,20220310_091600,stocks,MAINBOARD,0
Noel Gifts Intl,543,20220310_091600,stocks,MAINBOARD,543
Nomura Yen1k,N33,20220310_091600,stocks,MAINBOARD,N33
Nongfu 5xLongSG220316,DWQW,20220310_091600,dlcertificates,MAINBOARD,0
Nordic,MR7,20220310_091600,stocks,MAINBOARD,MR7
Novo Tellus SPAC,NTA,20220310_091600,stocks,MAINBOARD,NTA
Novo Tellus SPAC W291231,NTSW,20220310_091600,companywarrants,MAINBOARD,0
NovoTellusSPAC U,NTU,20220310_091600,stocks,MAINBOARD,NTU
NSL,N02,20220310_091600,stocks,MAINBOARD,N02
Ntegrator Intl,5HC,20220310_091600,stocks,CATALIST,5HC
NTES ADR US$+,K3MD,20220309_230034,adrs,GLOBAL_QUOTE,K3MD
NutryFarm,AZT,20220310_091600,stocks,MAINBOARD,AZT
NX13100H 230701,R1MS,20220309_230034,sgsbonds,GLOBAL_QUOTE,0
NX15100Z 250601,AFUS,20220310_021037,sgsbonds,GLOBAL_QUOTE,0
NX16100F 260601,BJHS,20220309_230034,sgsbonds,GLOBAL_QUOTE,0
NX18100A 280501,CMGS,20220310_013437,sgsbonds,GLOBAL_QUOTE,0
NX21100N 310701,RXYS,20220309_230034,sgsbonds,GLOBAL_QUOTE,0
NY07100X 220901,7PMS,20220309_230034,sgsbonds,GLOBAL_QUOTE,0
NY09100H 240901,3UJS,20220309_230034,sgsbonds,GLOBAL_QUOTE,0
NY14100E 290701,T8FS,20220309_230034,sgsbonds,GLOBAL_QUOTE,0
NZ07100S 270301,7QQS,20220309_230034,sgsbonds,GLOBAL_QUOTE,0
NZ10100F 300901,OL9S,20220309_230034,sgsbonds,GLOBAL_QUOTE,0
NZ13100V 330901,R1NS,20220309_230034,sgsbonds,GLOBAL_QUOTE,0
NZ16100X 360801,BJIS,20220309_230034,sgsbonds,GLOBAL_QUOTE,0
NZ19100S 390701,8YLS,20220310_020936,sgsbonds,GLOBAL_QUOTE,0
OCBC 5xLongSG221201,DMUW,20220310_091600,dlcertificates,MAINBOARD,0
OCBC 5xShortSG221201,DFJW,20220310_091600,dlcertificates,MAINBOARD,0
OCBC Bank,O39,20220310_091600,stocks,MAINBOARD,O39
OCBC Bk MB eCW220328,EPZW,20220310_091600,structuredwarrants,MAINBOARD,0
OCBC Bk MB eCW220627,YURW,20220310_091600,structuredwarrants,MAINBOARD,0
OCBC Bk MB eCW220630,P99W,20220310_091600,structuredwarrants,MAINBOARD,0
OCBC Bk MB eCW220701,TLMW,20220310_091600,structuredwarrants,MAINBOARD,0
OCBC Bk MB eCW221028,MCUW,20220310_091600,structuredwarrants,MAINBOARD,0
OCBC Bk MB ePW220331,Y1OW,20220310_091600,structuredwarrants,MAINBOARD,0
OCBC Bk MB ePW220615,WRDW,20220310_091600,structuredwarrants,MAINBOARD,0
OCBC Bk MB ePW220701,53JW,20220310_091600,structuredwarrants,MAINBOARD,0
Ocean Sky Intl,1B6,20220310_091600,stocks,CATALIST,1B6
Oceanus,579,20220310_091600,stocks,MAINBOARD,579
OEL,584,20220310_091600,stocks,CATALIST,584
Oiltek,HQU,20220310_091600,stocks,CATALIST,HQU
OIO,KUX,20220310_091600,stocks,CATALIST,KUX
OKH Global,S3N,20220310_091600,stocks,MAINBOARD,S3N
OKP,5CF,20220310_091600,stocks,MAINBOARD,5CF
Olam Group,VC2,20220310_091600,stocks,MAINBOARD,VC2
Olam Intl,O32,20220310_091600,stocks,MAINBOARD,O32
Old Chang Kee,5ML,20220310_091600,stocks,CATALIST,5ML
Olive Tree,1H2,20220310_091600,stocks,CATALIST,1H2
OneApex,5SY,20220310_091600,stocks,CATALIST,5SY
Ossia Intl^,O08,20220310_091600,stocks,MAINBOARD,O08
OTS Holdings,OTS,20220310_091600,stocks,CATALIST,OTS
OUE,LJ3,20220310_091600,stocks,MAINBOARD,LJ3
OUE Com Reit,TS0U,20220310_091600,reits,MAINBOARD,TS0U
OUE Lippo HC,5WA,20220310_091600,stocks,CATALIST,5WA
Ouhua Energy,AJ2,20220310_091600,stocks,MAINBOARD,AJ2
Overseas Edu,RQ1,20220310_091600,stocks,MAINBOARD,RQ1
Oxley,5UX,20220310_091600,stocks,MAINBOARD,5UX
OxPay Financial,TVV,20220310_091600,stocks,CATALIST,TVV
P5 Capital,5AI,20220310_091600,stocks,CATALIST,5AI
Pacific Andes,P11,20220310_091600,stocks,MAINBOARD,P11
Pacific Century,P15,20220310_091600,stocks,MAINBOARD,P15
Pacific Radiance,T8V,20220310_091600,stocks,MAINBOARD,T8V
Pacific Star Dev,1C5,20220310_091600,stocks,CATALIST,1C5
PAHLTH 5xLongSG220621,DCBW,20220310_091600,dlcertificates,MAINBOARD,0
PAHLTH 5xLongSG231012,DOPW,20220310_091600,dlcertificates,MAINBOARD,0
PAHLTH 5xShortSG220315,DOZW,20220310_091600,dlcertificates,MAINBOARD,0
Pan Asian,5EW,20220310_091600,stocks,CATALIST,5EW
Pan Hong,P36,20220310_091600,stocks,MAINBOARD,P36
Pan Ocean,AZY,20220310_091600,stocks,MAINBOARD,AZY
PanUnited,P52,20220310_091600,stocks,MAINBOARD,P52
Parkson Retail^,O9E,20220310_091600,stocks,MAINBOARD,O9E
ParkwayLife Reit,C2PU,20220310_091600,reits,MAINBOARD,C2PU
Pavillon,596,20220310_091600,stocks,MAINBOARD,596
PEC,IX2,20220310_091600,stocks,MAINBOARD,IX2
Pegasus SPAC,PGS,20220310_091600,stocks,MAINBOARD,PGS
Pegasus SPAC U,PGU,20220309_091600,stocks,MAINBOARD,PGU
Pegasus SPAC W291231,PGEW,20220310_091600,companywarrants,MAINBOARD,0
Penguin Intl,BTM,20220310_091600,stocks,MAINBOARD,BTM
PetroCH 5xLongSG221201,DZAW,20220310_091600,dlcertificates,MAINBOARD,0
PetroCH 5xLongSG230331,D00W,20220310_091600,dlcertificates,MAINBOARD,0
PetroCH 5xShortSG220328,DTPW,20220310_091600,dlcertificates,MAINBOARD,0
PetroCH 5xShortSG231012,DHZW,20220310_091600,dlcertificates,MAINBOARD,0
Pharmesis Intl,BFK,20220310_091600,stocks,MAINBOARD,BFK
PHIL AP DIV REIT S$D,BYJ,20220310_091600,etfs,MAINBOARD,BYJ
PHIL AP DIV REIT US$,BYI,20220310_091600,etfs,MAINBOARD,BYI
PHIL Long SiMSCI2X S$,LSS,20220310_091600,liprod,MAINBOARD,LSS
PHIL Long SiMSCI2X US$,LSU,20220310_091600,liprod,MAINBOARD,0
PHIL Short SiMSCI-1X S$,SSS,20220310_091600,liprod,MAINBOARD,SSS
PHIL Short SiMSCI-1X US$,SSU,20220310_091600,liprod,MAINBOARD,0
PHIL SING INC,OVQ,20220310_091600,etfs,MAINBOARD,OVQ
PHILLIP MM S$,MMS,20220310_091600,etfs,MAINBOARD,MMS
PHILLIP MM US$D,MMT,20220310_091600,etfs,MAINBOARD,0
PingAn 5xLongSG230705,DQPW,20220310_091600,dlcertificates,MAINBOARD,0
PingAn 5xShortSG230705,DHMW,20220310_091600,dlcertificates,MAINBOARD,0
PingAn MB eCW220705,MBUW,20220310_091600,structuredwarrants,MAINBOARD,0
PingAn MB ePW220705,IUUW,20220310_091600,structuredwarrants,MAINBOARD,0
PlatoCapital,YYN,20220310_091600,stocks,CATALIST,YYN
PNE Industries,BDA,20220310_091600,stocks,MAINBOARD,BDA
Polaris,5BI,20220310_091600,stocks,CATALIST,5BI
Pollux Prop,5AE,20220310_091600,stocks,CATALIST,5AE
Powermatic Data,BCY,20220310_091600,stocks,MAINBOARD,BCY
Prime US ReitUSD,OXMU,20220310_091600,reits,MAINBOARD,OXMU
PRINCIPAL ASEAN40 S$D,QS0,20220310_091600,etfs,MAINBOARD,QS0
PRINCIPAL ASEAN40 US$,M62,20220310_091600,etfs,MAINBOARD,M62
PRINCIPAL S&P AP DIV S$D,QR9,20220310_091600,etfs,MAINBOARD,QR9
PRINCIPAL S&P AP DIV US$,P5P,20220310_091600,etfs,MAINBOARD,P5P
Procurri,BVQ,20220310_091600,stocks,MAINBOARD,BVQ
Progen,583,20220310_091600,stocks,CATALIST,583
PropNex,OYY,20220310_091600,stocks,MAINBOARD,OYY
Prudential USD,K6S,20220310_091600,stocks,MAINBOARD,K6S
PTR ADR US$,K3OD,20220310_085950,adrs,GLOBAL_QUOTE,K3OD
Q&M Dental,QC7,20220310_091600,stocks,MAINBOARD,QC7
QAF,Q01,20220310_091600,stocks,MAINBOARD,Q01
Qian Hu,BCV,20220310_091600,stocks,MAINBOARD,BCV
QT Vascular,5I0,20220310_091600,stocks,CATALIST,5I0
Raffles Edu,NR7,20220310_091600,stocks,MAINBOARD,NR7
Raffles Infrastructure^,LUY,20220310_091600,stocks,MAINBOARD,LUY
Raffles Medical,BSL,20220310_091600,stocks,MAINBOARD,BSL
RE&S Hldg,1G1,20220310_091600,stocks,CATALIST,1G1
Reclaims Global,NEX,20220310_091600,stocks,CATALIST,NEX
Reenova Investment^,5EC,20220310_091600,stocks,MAINBOARD,5EC
Regal Intl,UV1,20220310_091600,stocks,MAINBOARD,UV1
Renaissance United,I11,20220310_091600,stocks,MAINBOARD,I11
Resources Gbl,QSD,20220310_091600,stocks,CATALIST,QSD
Resources Prima,5MM,20220310_091600,stocks,CATALIST,5MM
Revez,RCU,20220310_091600,stocks,CATALIST,RCU
Rex Intl,5WH,20220310_091600,stocks,MAINBOARD,5WH
RH PetroGas,T13,20220310_091600,stocks,MAINBOARD,T13
RHT HealthTrust,RF1U,20220310_091600,businesstrusts,MAINBOARD,0
RHT HealthTrust,RF1U,20220310_091600,reits,MAINBOARD,0
Rich Capital,5G4,20220310_091600,stocks,CATALIST,5G4
Riverstone,AP4,20220310_091600,stocks,MAINBOARD,AP4
Roxy-Pacific,E8Z,20220310_091600,stocks,MAINBOARD,E8Z
Ryobi Kiso,BDN,20220310_091600,stocks,MAINBOARD,0
S&P 3600MBePW220617,WNKW,20220310_091600,structuredwarrants,MAINBOARD,0
S&P 3800MBePW220318,98SW,20220310_091600,structuredwarrants,MAINBOARD,0
S&P 4000MBePW220617,XGHW,20220310_091600,structuredwarrants,MAINBOARD,0
S&P 4200MBePW220318,WSNW,20220310_091600,structuredwarrants,MAINBOARD,0
S&P 4800MBeCW220617,SDRW,20220310_091600,structuredwarrants,MAINBOARD,0
S&P 5000MBeCW220318,IENW,20220310_091600,structuredwarrants,MAINBOARD,0
S&P 5200MBeCW220617,XDUW,20220310_091600,structuredwarrants,MAINBOARD,0
S&P 5xLongSG250228,CUEW,20220310_091600,dlcertificates,MAINBOARD,0
S&P 5xLongSG250228A,CYAW,20220310_091600,dlcertificates,MAINBOARD,0
S&P 5xShortSG250228,CXBW,20220310_091600,dlcertificates,MAINBOARD,0
S&P 5xShortSG250228A,CZEW,20220310_091600,dlcertificates,MAINBOARD,0
Sabana Reit,M1GU,20220310_091600,reits,MAINBOARD,M1GU
Sakae,5DO,20220310_091600,stocks,MAINBOARD,5DO
Samko Timber,E6R,20220310_091600,stocks,MAINBOARD,E6R
SamuderaShipping,S56,20220310_091600,stocks,MAINBOARD,S56
Samurai 2K,Y8E,20220310_091600,stocks,CATALIST,Y8E
Sands 5xLongSG221013,DKTW,20220310_091600,dlcertificates,MAINBOARD,0
Sands 5xShortSG230202,DZEW,20220310_091600,dlcertificates,MAINBOARD,0
Sands MB eCW220705,8H5W,20220310_091600,structuredwarrants,MAINBOARD,0
Sands MB ePW220705,KUCW,20220310_091600,structuredwarrants,MAINBOARD,0
Sanli Env,1E3,20220310_091600,stocks,CATALIST,1E3
Santak,580,20220310_091600,stocks,CATALIST,580
Sapphire,BRD,20220310_091600,stocks,MAINBOARD,BRD
Sarine Tech,U77,20220310_091600,stocks,MAINBOARD,U77
Sasseur Reit,CRPU,20220310_091600,reits,MAINBOARD,CRPU
SATS,S58,20220310_091600,stocks,MAINBOARD,S58
SBI Offshore,5PL,20220310_091600,stocks,CATALIST,5PL
SBS Transit,S61,20220310_091600,stocks,MAINBOARD,S61
Second Chance,528,20220310_091600,stocks,MAINBOARD,528
Secura,43B,20220310_091600,stocks,CATALIST,43B
Sembcorp Ind,U96,20220310_091600,stocks,MAINBOARD,U96
Sembcorp Marine,S51,20220310_091600,stocks,MAINBOARD,S51
Sen Yue,5BS,20220310_091600,stocks,CATALIST,5BS
Serial System,S69,20220310_091600,stocks,MAINBOARD,S69
Seroja Inv,IW5,20220310_091600,stocks,MAINBOARD,IW5
SGX,S68,20220310_091600,stocks,MAINBOARD,S68
SGX 5xLongSG220630,DGRW,20220310_091600,dlcertificates,MAINBOARD,0
SGX 5xShortSG220630,DGSW,20220310_091600,dlcertificates,MAINBOARD,0
SGX 5xShortSG230420,DYKW,20220310_091600,dlcertificates,MAINBOARD,0
SGX MB eCW220704,NAHW,20220310_091600,structuredwarrants,MAINBOARD,0
SGX MB eCW221115,VSJW,20220310_091600,structuredwarrants,MAINBOARD,0
SGX MB ePW220704,RYKW,20220310_091600,structuredwarrants,MAINBOARD,0
Shanaya,SES,20220310_091600,stocks,CATALIST,SES
Shanghai Turbo,AWM,20220310_091600,stocks,MAINBOARD,AWM
Shangri-La HKD,S07,20220310_091600,stocks,MAINBOARD,S07
Shen Yao,A78,20220310_091600,stocks,CATALIST,A78
Sheng Siong,OV8,20220310_091600,stocks,MAINBOARD,OV8
Shenshan^,BKV,20220310_091600,stocks,MAINBOARD,BKV
SHI ADR US$,K3DD,20220310_085950,adrs,GLOBAL_QUOTE,K3DD
Shinvest,BJW,20220310_091600,stocks,MAINBOARD,BJW
SHKP 5xLongSG221208,DRGW,20220310_091600,dlcertificates,MAINBOARD,0
SHKP 5xShortSG221208,DPEW,20220310_091600,dlcertificates,MAINBOARD,0
Shopper360,1F0,20220310_091600,stocks,CATALIST,1F0
SHS,566,20220310_091600,stocks,MAINBOARD,566
SIA,C6L,20220310_091600,stocks,MAINBOARD,C6L
SIA 2020 MCBz300608#,WPOB,20220310_090946,retailbonds,MAINBOARD,0
SIA 2021 MCBz300608#,YQ7B,20220310_090946,retailbonds,MAINBOARD,0
SIA 3.03% 240328XB,SQ1B,20220310_090946,retailbonds,MAINBOARD,0
SIA 5xLongSG220630,DSIW,20220310_091600,dlcertificates,MAINBOARD,0
SIA 5xLongSG230420,DKKW,20220310_091600,dlcertificates,MAINBOARD,0
SIA 5xLongSG230713,DTGW,20220310_091600,dlcertificates,MAINBOARD,0
SIA 5xShortSG220328,DHJW,20220310_091600,dlcertificates,MAINBOARD,0
SIA 5xShortSG240306,DRBW,20220310_091600,dlcertificates,MAINBOARD,0
SIA Engineering,S59,20220310_091600,stocks,MAINBOARD,S59
SIA MB eCW220915,EUUW,20220310_091600,structuredwarrants,MAINBOARD,0
SIIC Environment,BHK,20220310_091600,stocks,MAINBOARD,BHK
Silkroad Nickel,STP,20220310_091600,stocks,CATALIST,STP
Silverlake Axis,5CP,20220310_091600,stocks,MAINBOARD,5CP
Sim Leisure,URR,20220310_091600,stocks,CATALIST,URR
SiMSCI 5xLongSG230420,CVPW,20220310_091600,dlcertificates,MAINBOARD,0
SiMSCI 5xShortSG230420,CYTW,20220310_091600,dlcertificates,MAINBOARD,0
SiMSCI 7xLongSG230306,CVBW,20220310_091600,dlcertificates,MAINBOARD,0
SiMSCI 7xLongSG230404,CZAW,20220310_091600,dlcertificates,MAINBOARD,0
SiMSCI 7xShortSG230712,CZSW,20220310_091600,dlcertificates,MAINBOARD,0
SiMSCI 7xShortSG231215,CZDW,20220310_091600,dlcertificates,MAINBOARD,0
Sin Heng Mach,BKA,20220310_091600,stocks,MAINBOARD,BKA
Sinarmas Land,A26,20220310_091600,stocks,MAINBOARD,A26
Sincap,5UN,20220310_091600,stocks,CATALIST,5UN
Sing Inv & Fin,S35,20220310_091600,stocks,MAINBOARD,S35
Sing Paincare,FRQ,20220310_091600,stocks,CATALIST,FRQ
Singapore O&G,1D8,20220310_091600,stocks,CATALIST,1D8
SingaporeKitchen,5WG,20220310_091600,stocks,CATALIST,5WG
SingaporeLandGrp,U06,20220310_091600,stocks,MAINBOARD,U06
SingHoldings,5IC,20220310_091600,stocks,MAINBOARD,5IC
SingIndexFund,S45U,20220310_030916,others,MAINBOARD,0
SingMedical,5OT,20220310_091600,stocks,CATALIST,5OT
SingPost,S08,20220310_091600,stocks,MAINBOARD,S08
SingShipping,S19,20220310_091600,stocks,MAINBOARD,S19
Singtel,Z74,20220310_091600,stocks,MAINBOARD,Z74
Singtel 10,Z77,20220310_091600,stocks,MAINBOARD,Z77
Singtel 5xLongSG231214,DBYW,20220310_091600,dlcertificates,MAINBOARD,0
Singtel 5xShortSG230713,DKMW,20220310_091600,dlcertificates,MAINBOARD,0
SingtelMBeCW220915,ERKW,20220310_091600,structuredwarrants,MAINBOARD,0
Sinjia Land,5HH,20220310_091600,stocks,CATALIST,5HH
Sino Grandness,T4B,20220310_091600,stocks,MAINBOARD,T4B
SinoBio 5xLongSG231220,DKLW,20220310_091600,dlcertificates,MAINBOARD,0
SinoBio 5xShortSG231220,DHVW,20220310_091600,dlcertificates,MAINBOARD,0
SinoCloud,5EK,20220310_091600,stocks,CATALIST,5EK
Sinostar Pec,C9Q,20220310_091600,stocks,MAINBOARD,C9Q
Sitra,5LE,20220310_091600,stocks,CATALIST,5LE
SLB Dev,1J0,20220310_091600,stocks,CATALIST,1J0
SMI Vantage^,Y45,20220310_091600,stocks,MAINBOARD,Y45
Smoore 5xLongSG220331,DTOW,20220310_091600,dlcertificates,MAINBOARD,0
Smoore 5xShortSG220316,DXNW,20220310_091600,dlcertificates,MAINBOARD,0
Soilbuild Const,S7P,20220310_091600,stocks,MAINBOARD,S7P
Soilbuild ConstW240729,SYYW,20220310_091600,companywarrants,MAINBOARD,0
Soon Lian,5MD,20220310_091600,stocks,CATALIST,5MD
Soup Restaurant,5KI,20220310_091600,stocks,MAINBOARD,5KI
Southern Pkg,BQP,20220310_091600,stocks,MAINBOARD,BQP
SouthernAlliance,QNS,20220310_091600,stocks,CATALIST,QNS
SP Corp,AWE,20220310_091600,stocks,MAINBOARD,AWE
Spackman,40E,20220310_091600,stocks,CATALIST,40E
SPDR DJIA US$,D07,20220310_091600,etfs,MAINBOARD,D07
SPDR S&P500 US$,S27,20220310_091600,etfs,MAINBOARD,S27
SPH,T39,20220310_091600,stocks,MAINBOARD,T39
SPHREIT,SK6U,20220310_091600,reits,MAINBOARD,SK6U
Spindex Ind,564,20220310_091600,stocks,MAINBOARD,564
Spura Finance,S23,20220310_091600,stocks,MAINBOARD,S23
Sri Trang Agro,NC2,20220310_091600,stocks,MAINBOARD,NC2
Sri Trang Gloves,STG,20220310_091600,stocks,MAINBOARD,STG
ST Engineering,S63,20220310_091600,stocks,MAINBOARD,S63
ST Group Food,DRX,20220310_091600,stocks,CATALIST,DRX
Stamford Land,H07,20220310_091600,stocks,MAINBOARD,H07
Stamford Tyres,S29,20220310_091600,stocks,MAINBOARD,S29
Starburst,40D,20220310_091600,stocks,CATALIST,40D
StarhillGbl Reit,P40U,20220310_091600,reits,MAINBOARD,P40U
StarHub,CC3,20220310_091600,stocks,MAINBOARD,CC3
STI 2850MBePW220428,XNMW,20220310_091600,structuredwarrants,MAINBOARD,0
STI 3050MBePW220428,YTCW,20220310_091600,structuredwarrants,MAINBOARD,0
STI 3100MBeCW220428,MWLW,20220310_091600,structuredwarrants,MAINBOARD,0
STI 3300MBeCW220428,XHDW,20220310_091600,structuredwarrants,MAINBOARD,0
STI ETF,ES3,20220310_091600,etfs,MAINBOARD,ES3
Straco,S85,20220310_091600,stocks,MAINBOARD,S85
Straits Trading,S20,20220310_091600,stocks,MAINBOARD,S20
SunMoonFood,AAJ,20220310_091600,stocks,MAINBOARD,AAJ
Sunny 5xLongSG220630,DSNW,20220310_091600,dlcertificates,MAINBOARD,0
Sunny 5xLongSG230920,DSDW,20220310_091600,dlcertificates,MAINBOARD,0
Sunny 5xShortSG220621,DAHW,20220310_091600,dlcertificates,MAINBOARD,0
Sunny 5xShortSG220630,DSVW,20220310_091600,dlcertificates,MAINBOARD,0
Sunny 5xShortSG221201,DAEW,20220310_091600,dlcertificates,MAINBOARD,0
Sunny 5xShortSG221215,DEBW,20220310_091600,dlcertificates,MAINBOARD,0
Sunny 5xShortSG230825,DFSW,20220310_091600,dlcertificates,MAINBOARD,0
Sunny 5xShortSG231214,DSTW,20220310_091600,dlcertificates,MAINBOARD,0
Sunpower,5GD,20220310_091600,stocks,MAINBOARD,5GD
Sunright,S71,20220310_091600,stocks,MAINBOARD,S71
Sunrise Shares,581,20220310_091600,stocks,CATALIST,581
Suntar Eco-City,BKZ,20220310_091600,stocks,MAINBOARD,BKZ
Suntec Reit,T82U,20220310_091600,reits,MAINBOARD,T82U
SUTL Enterprise,BHU,20220310_091600,stocks,MAINBOARD,BHU
Swiber,BGK,20220310_091600,stocks,MAINBOARD,BGK
Swing Media Tech,BEV,20220310_091600,stocks,MAINBOARD,BEV
Swissco Hldg,ADP,20220310_091600,stocks,MAINBOARD,ADP
Sysma,5UO,20220310_091600,stocks,CATALIST,5UO
TA,PA3,20220310_091600,stocks,MAINBOARD,PA3
TA W220520,CGOW,20220310_091600,companywarrants,MAINBOARD,CGOW
Tai Sin Electric,500,20220310_091600,stocks,MAINBOARD,500
Taka Jewellery,42L,20220310_091600,stocks,CATALIST,42L
TalkMed,5G3,20220310_091600,stocks,CATALIST,5G3
Tat Seng Pkg,T12,20220310_091600,stocks,MAINBOARD,T12
TC Auto,VI2,20220310_091600,stocks,CATALIST,VI2
TCIL HK$,T15,20220310_091600,stocks,GLOBAL_QUOTE,T15
TEE Intl,M1Z,20220310_091600,stocks,MAINBOARD,M1Z
Teho Intl,5OQ,20220310_091600,stocks,CATALIST,5OQ
TeleChoice Intl,T41,20220310_091600,stocks,MAINBOARD,T41
Temasek 1.8% 261124XB#,TEMB,20220310_084957,retailbonds,MAINBOARD,0
Temasek 2.7% 231025XB#,TEKB,20220310_085125,retailbonds,MAINBOARD,0
Tencent 5xLongSG220318,DSBW,20220310_091600,dlcertificates,MAINBOARD,0
Tencent 5xLongSG220808,DDLW,20220310_091600,dlcertificates,MAINBOARD,0
Tencent 5xLongSG231214,DIHW,20220310_091600,dlcertificates,MAINBOARD,0
Tencent 5xLongUB241231,TSGW,20220310_091600,dlcertificates,MAINBOARD,0
Tencent 5xShortSG230202,DTCW,20220310_091600,dlcertificates,MAINBOARD,0
Tencent 5xShortSG230712,DTSW,20220310_091600,dlcertificates,MAINBOARD,0
Tencent 5xShortSG231214,DMIW,20220310_091600,dlcertificates,MAINBOARD,0
Tencent 5xShortUB241231,TYTW,20220310_091600,dlcertificates,MAINBOARD,0
TencentMBeCW220705,QPAW,20220310_091600,structuredwarrants,MAINBOARD,0
TencentMBePW220705,GAPW,20220310_091600,structuredwarrants,MAINBOARD,0
ThaiBev,Y92,20220310_091600,stocks,MAINBOARD,Y92
ThaiBev 5xLongSG231115,QAHW,20220310_091600,dlcertificates,MAINBOARD,0
ThaiBev 5xShortSG231115,ELTW,20220310_091600,dlcertificates,MAINBOARD,0
Thakral,AWI,20220310_091600,stocks,MAINBOARD,AWI
The Place Hldg,E27,20220310_091600,stocks,MAINBOARD,E27
TheHourGlass,AGS,20220310_091600,stocks,MAINBOARD,AGS
Thomson M W220424,GNLW,20220310_091600,companywarrants,MAINBOARD,0
Thomson Medical,A50,20220310_091600,stocks,MAINBOARD,A50
Tianjin ZX USD,T14,20220310_091600,stocks,MAINBOARD,T14
TIH,T55,20220310_091600,stocks,MAINBOARD,T55
Tiong Seng,BFI,20220310_091600,stocks,MAINBOARD,BFI
Tiong Woon,BQM,20220310_091600,stocks,MAINBOARD,BQM
TM ADR US$,N6FD,20220309_230034,adrs,GLOBAL_QUOTE,0
Top Glove,BVA,20220310_091600,stocks,MAINBOARD,BVA
Top Glove MB eCW220831,YKMW,20220310_091600,structuredwarrants,MAINBOARD,0
Top Glove MB eCW220930,QZBW,20220310_091600,structuredwarrants,MAINBOARD,0
Tosei,S2D,20220310_091600,stocks,MAINBOARD,0
Totm Tech,42F,20220310_091600,stocks,CATALIST,42F
Transit Concrete,570,20220310_091600,stocks,MAINBOARD,570
Travelite,BCZ,20220310_091600,stocks,MAINBOARD,BCZ
Trek 2000 Intl,5AB,20220310_091600,stocks,MAINBOARD,5AB
Trendlines,42T,20220310_091600,stocks,CATALIST,42T
TrickleStar,CYW,20220310_091600,stocks,CATALIST,CYW
TRIP ADR US$+,K3RD,20220309_230034,adrs,GLOBAL_QUOTE,K3RD
Tritech,5G9,20220310_091600,stocks,CATALIST,5G9
Triyards,RC5,20220310_091600,stocks,MAINBOARD,RC5
TSH,KUH,20220310_091600,stocks,CATALIST,KUH
TT Intl,T09,20220310_091600,stocks,MAINBOARD,T09
TTJ,K1Q,20220310_091600,stocks,MAINBOARD,K1Q
Tuan Sing,T24,20220310_091600,stocks,MAINBOARD,T24
Tung Lok Rest,540,20220310_091600,stocks,CATALIST,540
Tye Soon,BFU,20220310_091600,stocks,MAINBOARD,BFU
UETF SSE50China,JK8,20220310_091600,etfs,MAINBOARD,JK8
UGHealthcare,8K7,20220310_091600,stocks,CATALIST,8K7
UMS,558,20220310_091600,stocks,MAINBOARD,558
Uni-Asia Grp,CHJ,20220310_091600,stocks,MAINBOARD,CHJ
Union Gas,1F2,20220310_091600,stocks,MAINBOARD,1F2
Union Steel,BLA,20220310_091600,stocks,MAINBOARD,BLA
United Food^,AZR,20220310_091600,stocks,MAINBOARD,AZR
Universal Res,BGO,20220310_091600,stocks,MAINBOARD,0
UnUsUaL,1D1,20220310_091600,stocks,CATALIST,1D1
UOA,EH5,20220310_091600,stocks,MAINBOARD,EH5
UOB,U11,20220310_091600,stocks,MAINBOARD,U11
UOB 5xLongSG230713,DHBW,20220310_091600,dlcertificates,MAINBOARD,0
UOB 5xLongSG240306,DOGW,20220310_091600,dlcertificates,MAINBOARD,0
UOB 5xShortSG221201,DEZW,20220310_091600,dlcertificates,MAINBOARD,0
UOB 5xShortSG240306,DSMW,20220310_091600,dlcertificates,MAINBOARD,0
UOB AP GRN REIT S$,GRN,20220310_091600,etfs,MAINBOARD,GRN
UOB AP GRN REIT US$,GRE,20220310_091600,etfs,MAINBOARD,0
UOB Kay Hian,U10,20220310_091600,stocks,MAINBOARD,U10
UOB MB eCW220328,UYUW,20220310_091600,structuredwarrants,MAINBOARD,0
UOB MB eCW220627,9RMW,20220310_091600,structuredwarrants,MAINBOARD,0
UOB MB eCW220701,RVVW,20220310_091600,structuredwarrants,MAINBOARD,0
UOB MB eCW220704,OSSW,20220310_091600,structuredwarrants,MAINBOARD,0
UOB MB eCW221028,9F4W,20220310_091600,structuredwarrants,MAINBOARD,0
UOB MB ePW220331,V0ZW,20220310_091600,structuredwarrants,MAINBOARD,0
UOB MB ePW220701,XGYW,20220310_091600,structuredwarrants,MAINBOARD,0
UOB MB ePW220704,FYAW,20220310_091600,structuredwarrants,MAINBOARD,0
UOB MB ePW221101,TFLW,20220310_091600,structuredwarrants,MAINBOARD,0
UOI,U13,20220310_091600,stocks,MAINBOARD,U13
UOL,U14,20220310_091600,stocks,MAINBOARD,U14
USP Group^,BRS,20220310_091600,stocks,MAINBOARD,BRS
UtdHampshReitUSD,ODBU,20220310_091600,reits,MAINBOARD,ODBU
V2Y Corp,V2Y,20220310_091600,stocks,CATALIST,V2Y
Vallianz,WPC,20220310_091600,stocks,CATALIST,WPC
ValueMax,T6I,20220310_091600,stocks,MAINBOARD,T6I
Valuetronics,BN2,20220310_091600,stocks,MAINBOARD,BN2
VCPlus,43E,20220310_091600,stocks,CATALIST,43E
Venture,V03,20220310_091600,stocks,MAINBOARD,V03
Venture 5xLongSG230713,DBHW,20220310_091600,dlcertificates,MAINBOARD,0
Venture 5xShortSG220422,DABW,20220310_091600,dlcertificates,MAINBOARD,0
Venture 5xShortSG230920,DVCW,20220310_091600,dlcertificates,MAINBOARD,0
Versalink,40N,20220310_091600,stocks,CATALIST,40N
Vertex SPAC,VT1,20220310_091600,stocks,MAINBOARD,VT1
Vertex SPAC U,VTA,20220309_091600,stocks,MAINBOARD,VTA
Vertex SPAC W291231,VT2W,20220310_091600,companywarrants,MAINBOARD,0
Vibrant Group,BIP,20220310_091600,stocks,MAINBOARD,BIP
VibroPower,BJD,20220310_091600,stocks,MAINBOARD,BJD
VibroPower W250116,PBSW,20220310_091600,companywarrants,MAINBOARD,0
VICOM Ltd,WJP,20220310_091600,stocks,MAINBOARD,WJP
Vicplas Intl,569,20220310_091600,stocks,MAINBOARD,569
VikingOffshore,1Y1,20220310_091600,stocks,CATALIST,1Y1
VikingW220701,KZHW,20220310_091600,companywarrants,CATALIST,0
Vividthree,OMK,20220310_091600,stocks,CATALIST,OMK
Wee Hur,E3B,20220310_091600,stocks,MAINBOARD,E3B
White Orchid Fund S,BBT,20220309_230034,others,MAINBOARD,0
Willas-Array,BDR,20220310_091600,stocks,MAINBOARD,BDR
Wilmar 5xLongSG240306,DPBW,20220310_091600,dlcertificates,MAINBOARD,0
Wilmar 5xShortSG221201,DDBW,20220310_091600,dlcertificates,MAINBOARD,0
Wilmar 5xShortSG230825,DHGW,20220310_091600,dlcertificates,MAINBOARD,0
Wilmar Intl,F34,20220310_091600,stocks,MAINBOARD,F34
Wilmar MB eCW220615,VBBW,20220310_091600,structuredwarrants,MAINBOARD,0
Wilmar MB eCW221014,GVVW,20220310_091600,structuredwarrants,MAINBOARD,0
Wilton Resources,5F7,20220310_091600,stocks,CATALIST,5F7
Wing Tai,W05,20220310_091600,stocks,MAINBOARD,W05
Wong Fong Ind,1A1,20220310_091600,stocks,CATALIST,1A1
World Precision,B49,20220310_091600,stocks,MAINBOARD,B49
WuxiBio 5xLongSG230215,DSFW,20220310_091600,dlcertificates,MAINBOARD,0
WuxiBio 5xShortSG221020,DWDW,20220310_091600,dlcertificates,MAINBOARD,0
Xiaomi 5xLongSG220323,DFQW,20220310_091600,dlcertificates,MAINBOARD,0
Xiaomi 5xLongSG220705,DTQW,20220310_091600,dlcertificates,MAINBOARD,0
Xiaomi 5xLongSG221215,DJIW,20220310_091600,dlcertificates,MAINBOARD,0
Xiaomi 5xLongSG230712,DXLW,20220310_091600,dlcertificates,MAINBOARD,0
Xiaomi 5xShortSG220705,DCCW,20220310_091600,dlcertificates,MAINBOARD,0
Xiaomi 5xShortSG230712,DXSW,20220310_091600,dlcertificates,MAINBOARD,0
Xiaomi 5xShortSG230907,DXBW,20220310_091600,dlcertificates,MAINBOARD,0
Xiaomi 5xShortSG231214,DSOW,20220310_091600,dlcertificates,MAINBOARD,0
XIAOMI MBeCW220404,XHRW,20220310_091600,structuredwarrants,MAINBOARD,0
XIAOMI MBeCW220602,MPNW,20220310_091600,structuredwarrants,MAINBOARD,0
XIAOMI MBeCW221004,X5IW,20220310_091600,structuredwarrants,MAINBOARD,0
XIAOMI MBePW220602,X3UW,20220310_091600,structuredwarrants,MAINBOARD,0
XIAOMI MBePW221004,FCCW,20220310_091600,structuredwarrants,MAINBOARD,0
XinyiSolar MB eCW220705,MVYW,20220310_091600,structuredwarrants,MAINBOARD,0
XMH^,BQF,20220310_091600,stocks,MAINBOARD,BQF
XPeng 5xLongSG221223,DXKW,20220310_091600,dlcertificates,MAINBOARD,0
XPeng 5xShortSG221223,DSJW,20220310_091600,dlcertificates,MAINBOARD,0
XT MS SING US$,O9A,20220310_091600,etfs,MAINBOARD,O9A
XT MSCHINA S$,TID,20220310_091600,etfs,MAINBOARD,TID
XT MSCHINA US$,LG9,20220310_091600,etfs,MAINBOARD,LG9
XT MSINDO US$,KJ7,20220310_091600,etfs,MAINBOARD,KJ7
XT SingGovBond SG$,KV4,20220310_091600,etfs,MAINBOARD,KV4
XT Vietnam US$,HD9,20220310_091600,etfs,MAINBOARD,HD9
Y Ventures,1F1,20220310_091600,stocks,CATALIST,1F1
Yamada Green Res,BJV,20220310_091600,stocks,MAINBOARD,BJV
Yangi EURO S,R8P,20220309_230034,others,MAINBOARD,0
YangzijiMBeCW220315,GGOW,20220310_091600,structuredwarrants,MAINBOARD,0
YangzijiMBeCW221004,VXMW,20220310_091600,structuredwarrants,MAINBOARD,0
Yanlord Land,Z25,20220310_091600,stocks,MAINBOARD,Z25
Yeo Hiap Seng,Y03,20220310_091600,stocks,MAINBOARD,Y03
YHI Intl,BPF,20220310_091600,stocks,MAINBOARD,BPF
Ying Li Intl,5DM,20220310_091600,stocks,MAINBOARD,5DM
Yoma Strategic,Z59,20220310_091600,stocks,MAINBOARD,Z59
Yongmao,BKX,20220310_091600,stocks,MAINBOARD,BKX
Yongnam,AXB,20220310_091600,stocks,MAINBOARD,AXB
Yunnan Energy,T43,20220310_091600,stocks,MAINBOARD,T43
YuuZoo Networks,AFC,20220310_091600,stocks,MAINBOARD,AFC
YZJ 5xLongSG231115,X1KW,20220310_091600,dlcertificates,MAINBOARD,0
YZJ 5xShortSG231115,5YCW,20220310_091600,dlcertificates,MAINBOARD,0
YZJ Shipbldg CNY,SO7,20220310_091600,stocks,MAINBOARD,0
YZJ Shipbldg SGD,BS6,20220310_091600,stocks,MAINBOARD,BS6
Zheneng Jinjiang,BWM,20220310_091600,stocks,MAINBOARD,BWM
Zhongmin Baihui,5SR,20220310_091600,stocks,MAINBOARD,5SR
Zhongxin Fruit,5EG,20220310_091600,stocks,CATALIST,5EG
ZICO Hldgs,40W,20220310_091600,stocks,CATALIST,40W
ZNH ADR US$,K3TD,20220309_230034,adrs,GLOBAL_QUOTE,K3TD
